,title,price,stars,reviews
0,"Realme C11 (Rich Green, 32 GB)","₹7,499",4.4,"87,072 Ratings & 6,163 Reviews"
1,"Realme C11 (Rich Grey, 32 GB)","₹7,499",4.4,"87,072 Ratings & 6,163 Reviews"
2,"Realme C12 (Power Silver, 32 GB)","₹8,999",4.6,"3,789 Ratings & 211 Reviews"
3,"Realme C12 (Power Blue, 32 GB)","₹8,999",4.6,"3,789 Ratings & 211 Reviews"
4,"Redmi 8 (Ruby Red, 64 GB)","₹9,999",4.4,"7,79,711 Ratings & 57,376 Reviews"
5,"Realme 6 (Comet Blue, 64 GB)","₹14,999",4.4,"50,085 Ratings & 5,080 Reviews"
6,"Redmi 8 (Onyx Black, 64 GB)","₹9,999",4.4,"7,79,711 Ratings & 57,376 Reviews"
7,"Tecno Spark Power 2 (Misty Grey, 64 GB)","₹9,999",4.3,"26,526 Ratings & 3,268 Reviews"
8,"Tecno Spark Power 2 (Ice Jadeite, 64 GB)","₹9,999",4.3,"26,526 Ratings & 3,268 Reviews"
9,"Infinix Hot 9 Pro (Violet, 64 GB)","₹10,499",4.5,"27,878 Ratings & 2,176 Reviews"
10,"Infinix Hot 9 Pro (Ocean Wave, 64 GB)","₹10,499",4.5,"27,878 Ratings & 2,176 Reviews"
11,"Realme C3 (Volcano Grey, 64 GB)","₹9,999",4.5,"1,33,101 Ratings & 9,280 Reviews"
12,"Realme C3 (Volcano Grey, 32 GB)","₹8,999",4.4,"80,341 Ratings & 6,113 Reviews"
13,"Redmi 8 (Emerald Green, 64 GB)","₹9,999",4.4,"7,79,711 Ratings & 57,376 Reviews"
14,"Realme C3 (Frozen Blue, 64 GB)","₹9,999",4.5,"1,33,101 Ratings & 9,280 Reviews"
15,"Infinix Smart 4 Plus (Midnight Black, 32 GB)","₹7,999",4.4,"27,379 Ratings & 2,468 Reviews"
16,"POCO M2 Pro (Out of the Blue, 128 GB)","₹16,999",4.5,"25,062 Ratings & 2,959 Reviews"
17,"Infinix Smart 4 Plus (Violet, 32 GB)","₹7,999",4.4,"27,379 Ratings & 2,468 Reviews"
18,"Realme 6 (Comet White, 64 GB)","₹14,999",4.4,"50,085 Ratings & 5,080 Reviews"
19,"Realme Narzo 10 (That Blue, 128 GB)","₹11,999",4.5,"1,00,525 Ratings & 7,526 Reviews"
20,"Realme Narzo 10 (That White, 128 GB)","₹11,999",4.5,"1,00,525 Ratings & 7,526 Reviews"
21,"Realme Narzo 10 (That Green, 128 GB)","₹11,999",4.5,"1,00,525 Ratings & 7,526 Reviews"
22,"Realme 6i (Eclipse Black, 64 GB)","₹14,999",4.4,"11,715 Ratings & 1,192 Reviews"
23,"Realme 6i (Lunar White, 64 GB)","₹14,999",4.4,"11,715 Ratings & 1,192 Reviews"
24,"Realme C3 (Blazing Red, 64 GB)","₹9,999",4.5,"1,33,101 Ratings & 9,280 Reviews"
25,"Infinix Smart 4 Plus (Ocean Wave, 32 GB)","₹7,999",4.4,"27,379 Ratings & 2,468 Reviews"
26,"POCO M2 Pro (Two Shades of Black, 128 GB)","₹16,999",4.5,"25,062 Ratings & 2,959 Reviews"
27,"Realme 6 (Comet Blue, 128 GB)","₹16,999",4.4,"28,406 Ratings & 3,006 Reviews"
28,"POCO M2 Pro (Green and Greener, 64 GB)","₹14,999",4.5,"25,062 Ratings & 2,959 Reviews"
29,"Realme 6 Pro (Lightning Blue, 128 GB)","₹19,999",4.4,"19,854 Ratings & 2,337 Reviews"
30,"Apple iPhone SE (White, 64 GB)","₹35,999",4.5,"19,738 Ratings & 1,928 Reviews"
31,"OPPO A5s (Blue, 32 GB)","₹7,990",4.3,"13,430 Ratings & 1,030 Reviews"
32,"OPPO A5s (Blue, 64 GB)","₹9,990",4.3,"11,282 Ratings & 812 Reviews"
33,"POCO X2 (Atlantis Blue, 64 GB)","₹17,499",4.5,"1,70,034 Ratings & 18,925 Reviews"
34,"Infinix Hot 9 (Violet, 64 GB)","₹9,499",4.5,"40,961 Ratings & 2,653 Reviews"
35,"Infinix Hot 9 (Ocean Wave, 64 GB)","₹9,499",4.5,"40,961 Ratings & 2,653 Reviews"
36,"POCO X2 (Matrix Purple, 64 GB)","₹17,499",4.5,"1,70,034 Ratings & 18,925 Reviews"
37,"Apple iPhone SE (Black, 64 GB)","₹35,999",4.5,"19,738 Ratings & 1,928 Reviews"
38,"POCO M2 Pro (Green and Greener, 128 GB)","₹16,999",4.5,"25,062 Ratings & 2,959 Reviews"
39,"Apple iPhone SE (Red, 64 GB)","₹35,999",4.5,"19,738 Ratings & 1,928 Reviews"
40,"OPPO A9 2020 (Marine Green, 128 GB)","₹13,990",4.3,"54,756 Ratings & 5,022 Reviews"
41,"OPPO A9 2020 (Space Purple, 128 GB)","₹13,990",4.3,"54,756 Ratings & 5,022 Reviews"
42,"OPPO A9 2020 (Vanilla Mint, 128 GB)","₹13,990",4.3,"54,756 Ratings & 5,022 Reviews"
43,"OPPO A5s (Green, 64 GB)","₹9,990",4.3,"11,282 Ratings & 812 Reviews"
44,"OPPO A9 2020 (Vanilla Mint, 128 GB)","₹21,990",4.3,"22,749 Ratings & 2,082 Reviews"
45,"OPPO A5s (Gold, 64 GB)","₹15,990",4.3,"11,282 Ratings & 812 Reviews"
46,"Vivo Y15 (Aqua Blue, 64 GB)","₹12,990",4.4,"24,871 Ratings & 1,823 Reviews"
47,"Vivo Y15 (Burgundy Red, 64 GB)","₹12,990",4.4,"24,871 Ratings & 1,823 Reviews"
48,Samsung Guru 1200,"₹1,200",4.3,"1,28,530 Ratings & 12,181 Reviews"
49,"Vivo Y12 (Aqua Blue, 64 GB)","₹10,990",4.4,"17,910 Ratings & 1,343 Reviews"
50,"Vivo Y12 (Burgundy Red, 64 GB)","₹10,990",4.4,"17,910 Ratings & 1,343 Reviews"
51,"Apple iPhone XR (Black, 64 GB)","₹45,999",4.6,"16,282 Ratings & 1,384 Reviews"
52,"OPPO Reno2 F (Sky White, 256 GB)","₹17,990",4.4,"5,608 Ratings & 630 Reviews"
53,"OPPO Reno2 F (Lake Green, 256 GB)","₹17,990",4.4,"5,608 Ratings & 630 Reviews"
54,"Realme 6 Pro (Lightning Orange, 64 GB)","₹17,999",4.4,"41,388 Ratings & 4,525 Reviews"
55,"Apple iPhone XR (White, 64 GB)","₹45,999",4.6,"16,282 Ratings & 1,384 Reviews"
56,"Motorola One Fusion+ (Twilight Blue, 128 GB)","₹17,499",4.4,"21,401 Ratings & 2,943 Reviews"
57,"Apple iPhone XR ((PRODUCT)RED, 64 GB)","₹45,999",4.6,"16,282 Ratings & 1,384 Reviews"
58,"Infinix S5 Pro (Forest Green, 64 GB)","₹11,499",4.4,"18,398 Ratings & 1,766 Reviews"
59,"Realme 5 Pro (Chroma White, 128 GB)","₹16,999",4.5,"73,467 Ratings & 7,283 Reviews"
60,"Realme 5 Pro (Chroma White, 64 GB)","₹14,999",4.5,"1,04,467 Ratings & 10,145 Reviews"
61,"Apple iPhone SE (Black, 128 GB)","₹40,999",4.5,"19,738 Ratings & 1,928 Reviews"
62,"Vivo Y91i (Fusion Black, 32 GB)","₹7,990",4.3,"26,294 Ratings & 1,828 Reviews"
63,"Vivo Y91i (Ocean Blue, 32 GB)","₹7,990",4.3,"26,294 Ratings & 1,828 Reviews"
64,"OPPO F11 Pro (Aurora Green, 64 GB)","₹16,890",4.4,"1,20,151 Ratings & 11,569 Reviews"
65,"OPPO F11 Pro (Thunder Black, 128 GB)","₹15,990",4.4,"1,20,151 Ratings & 11,569 Reviews"
66,"Apple iPhone SE (White, 128 GB)","₹40,999",4.5,"19,738 Ratings & 1,928 Reviews"
67,"Samsung Galaxy M31 (Ocean Blue, 128 GB)","₹19,301",4.4,"1,280 Ratings & 125 Reviews"
68,"OPPO A12 (Black, 32 GB)","₹9,990",4.3,"13,643 Ratings & 1,062 Reviews"
69,"Vivo Y11 (Mineral Blue, 32 GB)","₹9,990",4.3,"7,397 Ratings & 473 Reviews"
70,"Vivo Y11 (Agate Red, 32 GB)","₹9,990",4.3,"7,397 Ratings & 473 Reviews"
71,"OPPO Reno2 F (Lake Green, 128 GB)","₹21,990",4.4,"3,494 Ratings & 310 Reviews"
72,Nokia 105 SS,"₹1,228",4.3,"83,144 Ratings & 7,903 Reviews"
73,Nokia 105 SS,"₹1,237",4.3,"83,144 Ratings & 7,903 Reviews"
74,"Realme 5 Pro (Sparkling Blue, 64 GB)","₹14,999",4.5,"1,04,467 Ratings & 10,145 Reviews"
75,"Realme 5 Pro (Sparkling Blue, 128 GB)","₹16,999",4.5,"73,467 Ratings & 7,283 Reviews"
76,"OPPO A9 2020 (Marine Green, 128 GB)","₹15,990",4.3,"22,749 Ratings & 2,082 Reviews"
77,"OPPO A9 2020 (Space Purple, 128 GB)","₹15,990",4.3,"22,749 Ratings & 2,082 Reviews"
78,"Asus ROG Phone 3 (Black, 128 GB)","₹49,999",4.5,"1,607 Ratings & 367 Reviews"
79,"OPPO A5s (Black, 32 GB)","₹7,990",4.3,"13,430 Ratings & 1,030 Reviews"
80,Nokia 105 SS,"₹1,249",4.3,"83,144 Ratings & 7,903 Reviews"
81,"OPPO A5s (Red, 32 GB)","₹7,990",4.3,"13,430 Ratings & 1,030 Reviews"
82,Samsung Guru Music 2,"₹1,710",4.3,"1,44,745 Ratings & 14,608 Reviews"
83,"Apple iPhone SE (Red, 128 GB)","₹40,999",4.5,"19,738 Ratings & 1,928 Reviews"
84,Micromax X741,"₹1,199",4,"18,495 Ratings & 1,933 Reviews"
85,Micromax X741,"₹1,099",4,"18,495 Ratings & 1,933 Reviews"
86,"OPPO A5s (Blue, 32 GB)","₹13,990",4.3,"4,235 Ratings & 337 Reviews"
87,"Redmi Note 8 Pro (Shadow Black, 128 GB)","₹17,499",4.4,"66,102 Ratings & 5,603 Reviews"
88,"Redmi 8A Dual (Midnight Grey, 32 GB)","₹8,265",4.2,"5,551 Ratings & 435 Reviews"
89,"Realme 5 Pro (Crystal Green, 128 GB)","₹16,999",4.5,"73,467 Ratings & 7,283 Reviews"
90,"Realme 5 Pro (Crystal Green, 64 GB)","₹14,999",4.5,"1,04,467 Ratings & 10,145 Reviews"
91,"OPPO Reno2 F (Sky White, 128 GB)","₹21,990",4.4,"3,494 Ratings & 310 Reviews"
92,"Redmi Note 9 (Aqua Green, 128 GB)","₹15,175",4.4,"1,216 Ratings & 90 Reviews"
93,"Redmi Note 9 (Scarlet Red, 64 GB)","₹14,967",4.4,"1,216 Ratings & 90 Reviews"
94,"Vivo V19 (Piano Black, 256 GB)","₹27,990",4.4,"5,697 Ratings & 556 Reviews"
95,"Vivo U10 (Electric Blue, 32 GB)","₹10,949",4.4,"37,443 Ratings & 2,674 Reviews"
96,"Vivo Y91i (Fusion Black, 32 GB)","₹8,990",4.3,"3,814 Ratings & 244 Reviews"
97,"Redmi Note 9 Pro (Interstellar Black, 128 GB)","₹19,948",4.6,43 Ratings & 3 Reviews
98,"Redmi Note 9 Pro (Aurora Blue, 128 GB)","₹19,975",4.6,43 Ratings & 3 Reviews
99,"Redmi Note 9 Pro (Aurora Blue, 64 GB)","₹16,944",4.2,"1,571 Ratings & 132 Reviews"
100,"Vivo Y50 (Pearl White, 128 GB)","₹17,990",4.4,"3,264 Ratings & 277 Reviews"
101,"Realme Narzo 10A (So Blue, 32 GB)","₹8,999",4.5,"47,347 Ratings & 3,266 Reviews"
102,"Realme Narzo 10A (So Blue, 64 GB)","₹9,999",4.5,"41,450 Ratings & 2,553 Reviews"
103,"Realme Narzo 10A (So White, 64 GB)","₹9,999",4.5,"41,450 Ratings & 2,553 Reviews"
104,"Redmi K20 Pro (Glacier Blue, 128 GB)","₹22,999",4.5,"67,545 Ratings & 8,345 Reviews"
105,"OPPO A12 (Blue, 32 GB)","₹9,990",4.3,"13,643 Ratings & 1,062 Reviews"
106,"OPPO A12 (Blue, 64 GB)","₹11,490",4.3,"1,799 Ratings & 109 Reviews"
107,Micromax X746,"₹1,199",4,"6,727 Ratings & 824 Reviews"
108,Micromax X746,"₹1,199",4,"6,727 Ratings & 824 Reviews"
109,"Redmi Note 8 Pro (Halo White, 128 GB)","₹17,499",4.4,"66,102 Ratings & 5,603 Reviews"
110,"Samsung Galaxy M21 (Raven Black, 64 GB)","₹15,518",4.4,830 Ratings & 57 Reviews
111,"Redmi 8 (Onyx Black, 64 GB)","₹9,999",4.4,"7,79,711 Ratings & 57,376 Reviews"
112,"Realme C3 (Frozen Blue, 32 GB)","₹8,999",4.4,"80,341 Ratings & 6,113 Reviews"
113,"Realme 6i (Lunar White, 64 GB)","₹12,999",4.5,"26,408 Ratings & 2,857 Reviews"
114,"Realme 6i (Eclipse Black, 64 GB)","₹12,999",4.5,"26,408 Ratings & 2,857 Reviews"
115,"POCO M2 Pro (Out of the Blue, 64 GB)","₹14,999",4.5,"25,062 Ratings & 2,959 Reviews"
116,"POCO M2 Pro (Two Shades of Black, 64 GB)","₹14,999",4.5,"25,062 Ratings & 2,959 Reviews"
117,"POCO M2 Pro (Out of the Blue, 64 GB)","₹13,999",4.5,"11,722 Ratings & 1,277 Reviews"
118,"Realme C2 (Diamond Black, 32 GB)","₹6,999",4.4,"8,47,793 Ratings & 68,787 Reviews"
119,"Redmi Note 9 (Arctic White, 64 GB)","₹14,995",4.4,"1,216 Ratings & 90 Reviews"
120,"Vivo Z1x (Fusion Blue, 128 GB)","₹18,990",4.4,"22,314 Ratings & 2,386 Reviews"
121,"Vivo Z1x (Fusion Blue, 64 GB)","₹16,990",4.4,"1,52,124 Ratings & 16,285 Reviews"
122,"OPPO A31 (Fantasy White, 64 GB)","₹12,490",4.3,"13,092 Ratings & 921 Reviews"
123,"OPPO A31 (Mystery Black, 64 GB)","₹12,490",4.3,"13,092 Ratings & 921 Reviews"
124,"Vivo Z1x (Phantom Purple, 64 GB)","₹16,990",4.4,"1,52,124 Ratings & 16,285 Reviews"
125,"Vivo Y91i (Ocean Blue, 16 GB)","₹8,350",4.3,"26,294 Ratings & 1,828 Reviews"
126,"Vivo U10 (Thunder Black, 32 GB)","₹10,990",4.4,"37,443 Ratings & 2,674 Reviews"
127,"Redmi K20 Pro (Flame Red, 128 GB)","₹22,999",4.5,"67,545 Ratings & 8,345 Reviews"
128,Micromax X741,"₹1,289",4,"18,495 Ratings & 1,933 Reviews"
129,"Vivo S1 Pro (Mystic Black, 128 GB)","₹19,990",4.4,"14,489 Ratings & 1,129 Reviews"
130,"Realme X2 Pro (Lunar White, 128 GB)","₹28,999",4.5,"15,201 Ratings & 2,377 Reviews"
131,"Realme X2 Pro (Lunar White, 256 GB)","₹32,999",4.6,"6,459 Ratings & 987 Reviews"
132,Lava GEM,"₹1,579",4.2,"10,417 Ratings & 1,208 Reviews"
133,"Vivo Y30 (Emerald Black, 128 GB)","₹14,990",4.3,"1,850 Ratings & 121 Reviews"
134,Samsung Guru 1200,"₹1,410",4.3,"1,28,530 Ratings & 12,181 Reviews"
135,"Vivo Y30 (Dazzle Blue, 128 GB)","₹14,990",4.3,"1,850 Ratings & 121 Reviews"
136,"Redmi 8A Dual (Sky White, 32 GB)","₹8,397",4.2,"5,550 Ratings & 435 Reviews"
137,Lava A3,"₹1,099",4.2,"10,785 Ratings & 1,297 Reviews"
138,"Redmi 8A Dual (Sea Blue, 64 GB)","₹9,995",4.2,"3,105 Ratings & 235 Reviews"
139,Lava A3,"₹1,099",4.2,"10,785 Ratings & 1,297 Reviews"
140,"Redmi 8A Dual (Sea Blue, 32 GB)","₹8,390",4.2,"5,550 Ratings & 435 Reviews"
141,"Realme X2 Pro (Neptune Blue, 256 GB)","₹32,999",4.6,"6,459 Ratings & 987 Reviews"
142,"Realme 6 (Comet White, 128 GB)","₹16,999",4.4,"28,406 Ratings & 3,006 Reviews"
143,"Realme X2 Pro (Neptune Blue, 128 GB)","₹28,999",4.5,"15,201 Ratings & 2,377 Reviews"
144,"Apple iPhone XR (Blue, 64 GB)","₹45,999",4.6,"16,282 Ratings & 1,384 Reviews"
145,Samsung Guru Music 2,"₹1,949",4.3,"1,44,745 Ratings & 14,608 Reviews"
146,"OPPO A31 (Mystery Black, 128 GB)","₹14,990",4.3,"3,071 Ratings & 238 Reviews"
147,"OPPO F11 Pro (Aurora Green, 128 GB)","₹15,990",4.4,"1,20,151 Ratings & 11,569 Reviews"
148,Samsung Guru Music 2,"₹1,945",4.3,"1,44,745 Ratings & 14,608 Reviews"
149,"Redmi Note 9 Pro Max (Interstellar Black, 128 GB)","₹20,945",4.3,303 Ratings & 43 Reviews
150,"OPPO A12 (Black, 64 GB)","₹11,490",4.3,"1,799 Ratings & 109 Reviews"
151,"Apple iPhone 7 (Black, 32 GB)","₹29,499",4.5,"92,094 Ratings & 9,127 Reviews"
152,I Kall K71 Combo of Two Mobile,₹799,3.2,"4,133 Ratings & 465 Reviews"
153,Micromax X807,"₹1,477",4.1,"2,709 Ratings & 216 Reviews"
154,"Vivo Z1Pro (Sonic Black, 128 GB)","₹17,990",4.5,"1,49,266 Ratings & 14,738 Reviews"
155,"Redmi K20 Pro (Carbon Black, 128 GB)","₹22,999",4.5,"67,545 Ratings & 8,345 Reviews"
156,"OPPO F15 (Unicorn White, 128 GB)","₹18,990",4.4,"12,782 Ratings & 1,148 Reviews"
157,"OPPO F15 (Lightening Black, 128 GB)","₹16,990",4.3,309 Ratings & 37 Reviews
158,"OPPO F15 (Blazing Blue, 128 GB)","₹18,990",4.4,"12,782 Ratings & 1,148 Reviews"
159,"Apple iPhone XR ((PRODUCT)RED, 128 GB)","₹51,999",4.6,"16,282 Ratings & 1,384 Reviews"
160,Nokia 105 SS,"₹1,315",4.3,"83,144 Ratings & 7,903 Reviews"
161,Grabo G310,₹599,3.7,591 Ratings & 66 Reviews
162,Nokia 105,"₹1,449",4.2,"21,937 Ratings & 2,010 Reviews"
163,"Redmi Note 8 Pro (Shadow Black, 128 GB)","₹18,999",4.4,"8,659 Ratings & 764 Reviews"
164,"Vivo Z1x (Phantom Purple, 128 GB)","₹18,990",4.4,"22,314 Ratings & 2,386 Reviews"
165,"Apple iPhone XR (White, 128 GB)","₹51,999",4.6,"16,282 Ratings & 1,384 Reviews"
166,Micromax X748,"₹1,400",4.2,319 Ratings & 36 Reviews
167,"OPPO A11K (Deep Blue, 32 GB)","₹8,990",4.2,"2,920 Ratings & 234 Reviews"
168,"Vivo S1 Pro (Dreamy White, 128 GB)","₹19,990",4.4,"14,489 Ratings & 1,129 Reviews"
169,"OPPO F11 Pro (Waterfall Grey, 128 GB)","₹15,990",4.4,"1,20,151 Ratings & 11,569 Reviews"
170,"Vivo S1 Pro (Jazzy Blue, 128 GB)","₹19,990",4.4,"14,489 Ratings & 1,129 Reviews"
171,Lava A1,₹897,4.2,"69,885 Ratings & 8,073 Reviews"
172,Lava A1,₹953,4.2,"69,885 Ratings & 8,073 Reviews"
173,Lava A1,"₹1,024",4.2,"11,791 Ratings & 1,170 Reviews"
174,Lava A1,₹897,4.2,"69,885 Ratings & 8,073 Reviews"
175,Lava A1,₹897,4.2,"11,791 Ratings & 1,170 Reviews"
176,Lava A1,₹897,4.2,"11,791 Ratings & 1,170 Reviews"
177,Lava A1,₹897,4.2,"11,791 Ratings & 1,170 Reviews"
178,"Apple iPhone XR (Coral, 64 GB)","₹45,999",4.6,"16,282 Ratings & 1,384 Reviews"
179,Micromax X380,₹996,4,"7,743 Ratings & 854 Reviews"
180,Karbonn K Pebble,"₹1,490",4,"1,648 Ratings & 223 Reviews"
181,"Redmi 8A Dual (Sky White, 32 GB)","₹9,899",4.2,"3,105 Ratings & 235 Reviews"
182,"Vivo Z1Pro (Sonic Blue, 128 GB)","₹17,990",4.5,"1,49,266 Ratings & 14,738 Reviews"
183,"Samsung Galaxy A21s (Blue, 64 GB)","₹14,999",4.2,"4,726 Ratings & 490 Reviews"
184,"Vivo V19 (Piano Black, 128 GB)","₹24,990",4.4,"5,697 Ratings & 556 Reviews"
185,"Samsung Galaxy A21s (Black, 64 GB)","₹14,999",4.2,"4,726 Ratings & 490 Reviews"
186,"Samsung Galaxy M31 (Ocean Blue, 128 GB)","₹19,302",4.4,"1,280 Ratings & 125 Reviews"
187,Samsung Metro 313 Dual Sim,"₹2,340",4.2,"16,518 Ratings & 1,924 Reviews"
188,Snexian Rock,"₹1,299",3.9,"5,276 Ratings & 352 Reviews"
189,"Realme X3 (Glacier Blue, 128 GB)","₹25,999",4.3,"3,624 Ratings & 546 Reviews"
190,"OnePlus 7T (Glacier Blue, 128 GB)","₹37,499",4.6,"8,136 Ratings & 736 Reviews"
191,Blackbear B5 Bucket,₹699,3.7,423 Ratings & 41 Reviews
192,"iQOO 3 (Quantum Silver, 256 GB)","₹37,990",4.5,"7,031 Ratings & 1,261 Reviews"
193,"Apple iPhone 7 Plus (Black, 32 GB)","₹35,999",4.5,"28,219 Ratings & 2,915 Reviews"
194,"Samsung Galaxy M31 (Space Black, 128 GB)","₹19,283",4.4,"1,280 Ratings & 125 Reviews"
195,Samsung Metro 313 Dual Sim,"₹2,130",4.2,"9,977 Ratings & 1,098 Reviews"
196,Samsung Metro 313 Dual Sim,"₹2,299",4.3,"9,116 Ratings & 881 Reviews"
197,Nokia 110,"₹1,929",4,"3,413 Ratings & 247 Reviews"
198,Nokia 110,"₹1,929",4,"3,413 Ratings & 247 Reviews"
199,Lava H1 Hero 600,₹799,4,639 Ratings & 48 Reviews
200,Lava Gem,"₹1,549",4.2,387 Ratings & 42 Reviews
201,"OPPO A1K (Red, 32 GB)","₹7,990",4.3,"10,000 Ratings & 618 Reviews"
202,Nokia TA-1010/105,"₹1,217",4.3,"27,755 Ratings & 2,512 Reviews"
203,Nokia 150,"₹2,299",4.2,"10,109 Ratings & 968 Reviews"
204,Samsung Guru FM Plus SM-B110E/D,"₹1,662",4.3,"49,371 Ratings & 5,265 Reviews"
205,"Samsung Galaxy A31 (Prism Crush Black, 128 GB)","₹20,999",4.3,"3,926 Ratings & 398 Reviews"
206,"OPPO F15 (Unicorn White, 128 GB)","₹16,990",4.3,309 Ratings & 37 Reviews
207,"OPPO F15 (Lightening Black, 128 GB)","₹18,990",4.4,"12,782 Ratings & 1,148 Reviews"
208,Nokia 216,"₹2,899",4.2,"7,932 Ratings & 1,003 Reviews"
209,Grabo HULK,₹609,3.5,68 Ratings & 2 Reviews
210,"Samsung Galaxy M01 (Black, 32 GB)","₹8,921",4.2,"6,455 Ratings & 477 Reviews"
211,"Tecno Camon 15 (Fascinating Purple, 64 GB)","₹11,499",4.2,"4,017 Ratings & 436 Reviews"
212,"Samsung Galaxy A51 (Prism Crush Black, 128 GB)","₹25,999",4.4,662 Ratings & 48 Reviews
213,"Redmi Note 8 Pro (Shadow Black, 64 GB)","₹15,999",4.4,"66,102 Ratings & 5,603 Reviews"
214,"OPPO A52 (Stream White, 128 GB)","₹16,990",4.3,"2,167 Ratings & 172 Reviews"
215,Nokia 216,"₹2,899",4.2,"5,179 Ratings & 534 Reviews"
216,"Samsung Galaxy A51 (Prism Crush Blue, 128 GB)","₹25,999",4.4,662 Ratings & 48 Reviews
217,"Redmi K20 (Glacier Blue, 128 GB)","₹21,999",4.5,"47,629 Ratings & 5,108 Reviews"
218,"Redmi Note 8 Pro (Halo White, 64 GB)","₹15,999",4.4,"66,102 Ratings & 5,603 Reviews"
219,"Redmi 8A Dual (Sky White, 64 GB)","₹9,499",4.2,"3,105 Ratings & 235 Reviews"
220,"Redmi 8A Dual (Midnight Grey, 64 GB)","₹9,999",4.2,"3,105 Ratings & 235 Reviews"
221,"Redmi Note 9 (Pebble Grey, 128 GB)","₹15,178",4.4,"1,216 Ratings & 90 Reviews"
222,Micromax X378,₹834,3.9,"1,712 Ratings & 144 Reviews"
223,Samsung Guru FM Plus SM-B110E/D,"₹1,662",4.3,"49,371 Ratings & 5,265 Reviews"
224,"Samsung Galaxy A51 (Prism Crush Blue, 128 GB)","₹23,999",4.4,"4,922 Ratings & 612 Reviews"
225,Micromax X749,"₹1,286",4.1,671 Ratings & 104 Reviews
226,"Apple iPhone 7 (Silver, 32 GB)","₹29,499",4.5,"92,094 Ratings & 9,127 Reviews"
227,"Samsung Galaxy A51 (Prism Crush White, 128 GB)","₹25,999",4.4,662 Ratings & 48 Reviews
228,"Vivo V19 (Mystic Silver, 128 GB)","₹24,990",4.4,"5,697 Ratings & 556 Reviews"
229,Nokia 105,"₹1,399",4.2,"21,937 Ratings & 2,010 Reviews"
230,"Samsung Galaxy A51 (Prism Crush Black, 128 GB)","₹23,999",4.4,"4,922 Ratings & 612 Reviews"
231,"Samsung Galaxy A10s (Blue, 32 GB)","₹10,990",4.3,"1,494 Ratings & 115 Reviews"
232,"Samsung Galaxy A21s (White, 64 GB)","₹14,999",4.2,"4,726 Ratings & 490 Reviews"
233,"Realme X2 (Pearl White, 256 GB)","₹22,999",4.5,"39,687 Ratings & 4,585 Reviews"
234,"OnePlus 7T (Glacier Blue, 256 GB)","₹37,967",4.6,"8,136 Ratings & 736 Reviews"
235,"Realme X3 (Arctic White, 128 GB)","₹25,999",4.3,"3,624 Ratings & 546 Reviews"
236,I Kall K 32,₹639,3.6,189 Ratings & 19 Reviews
237,Nokia 3310 DS,"₹3,779",3.8,"26,014 Ratings & 2,965 Reviews"
238,Lava A1,₹897,4.2,"69,885 Ratings & 8,073 Reviews"
239,"Realme X2 (Pearl Blue, 128 GB)","₹20,999",4.5,"39,687 Ratings & 4,585 Reviews"
240,Micromax X744,₹999,3.9,"2,846 Ratings & 320 Reviews"
241,"Samsung M01 core (Blue, 16 GB)","₹6,153",4.2,103 Ratings & 7 Reviews
242,Nokia 216/216 DS,"₹2,899",4.3,"24,324 Ratings & 2,800 Reviews"
243,"Lava Z61 Pro (Champagne Gold, 16 GB)","₹5,777",4.1,540 Ratings & 81 Reviews
244,"Samsung Galaxy M11 (Metallic Blue, 64 GB)","₹14,250",4.2,"3,336 Ratings & 277 Reviews"
245,"Vivo Y19 (Magnetic Black, 128 GB)","₹14,990",4.4,"6,022 Ratings & 428 Reviews"
246,"Redmi K20 (Carbon Black, 128 GB)","₹21,999",4.5,"47,629 Ratings & 5,108 Reviews"
247,"OPPO Reno4 Pro (Starry Night, 128 GB)","₹34,990",4.5,499 Ratings & 73 Reviews
248,"OPPO Reno4 Pro (Silky White, 128 GB)","₹34,990",4.5,499 Ratings & 73 Reviews
249,"Samsung Galaxy M11 (Violet, 64 GB)","₹13,849",4.2,"3,336 Ratings & 277 Reviews"
250,Karbonn K9,"₹1,249",4,"4,544 Ratings & 440 Reviews"
251,Micromax X512,"₹1,039",3.9,"4,039 Ratings & 391 Reviews"
252,Nokia 5310,"₹3,999",4.3,4 Ratings & 0 Reviews
253,Nokia 5310,"₹3,999",4.3,4 Ratings & 0 Reviews
254,Micromax X809,"₹1,155",3.9,918 Ratings & 85 Reviews
255,"OPPO F15 (Blazing Blue, 128 GB)","₹16,990",4.3,309 Ratings & 37 Reviews
256,Lava Hero,₹799,4,"1,131 Ratings & 114 Reviews"
257,"Samsung Galaxy A10s (Black, 32 GB)","₹10,890",4.3,"1,494 Ratings & 115 Reviews"
258,Snexian Rock,"₹1,285",3.9,"5,276 Ratings & 352 Reviews"
259,"Realme X (Space Blue, 128 GB)","₹17,999",4.5,"1,02,434 Ratings & 13,255 Reviews"
260,"Realme X (Space Blue, 128 GB)","₹20,999",4.5,"41,568 Ratings & 5,092 Reviews"
261,Kechaoda K115,₹894,4.1,"14,135 Ratings & 1,327 Reviews"
262,Kechaoda K115,₹925,4.1,"14,135 Ratings & 1,327 Reviews"
263,Kechaoda K115,₹899,4.1,"14,135 Ratings & 1,327 Reviews"
264,Kechaoda K115,₹899,4.1,"14,135 Ratings & 1,327 Reviews"
265,"Samsung Galaxy A71 (Haze Crush Silver, 128 GB)","₹30,999",4.4,"1,820 Ratings & 234 Reviews"
266,"I Kall K600 (Black, 16 GB)","₹3,999",3,415 Ratings & 32 Reviews
267,"Mi A2 (Red, 128 GB)","₹11,999",4.1,"2,782 Ratings & 250 Reviews"
268,Micromax X744,₹999,3.9,"2,846 Ratings & 320 Reviews"
269,"Redmi Note 7 (Onyx Black, 64 GB)","₹13,235",4.5,"1,75,713 Ratings & 16,502 Reviews"
270,"Vivo Y91i (Ocean Blue, 32 GB)","₹8,990",4.3,"3,814 Ratings & 244 Reviews"
271,"Vivo V19 (Mystic Silver, 256 GB)","₹27,990",4.4,"5,697 Ratings & 556 Reviews"
272,Kechaoda K112,"₹1,499",4,"5,483 Ratings & 686 Reviews"
273,"Redmi Note 9 Pro (Interstellar Black, 64 GB)","₹16,968",4.2,"1,571 Ratings & 132 Reviews"
274,"Redmi K20 (Pearl White, 128 GB)","₹21,999",4.5,"47,629 Ratings & 5,108 Reviews"
275,Micromax X388,"₹1,060",3.9,"1,048 Ratings & 113 Reviews"
276,Itel It2171,₹925,4.1,"1,558 Ratings & 170 Reviews"
277,"Samsung Galaxy A31 (Prism Crush Blue, 128 GB)","₹20,999",4.3,"3,926 Ratings & 398 Reviews"
278,Itel IT 2163,₹848,4,"1,545 Ratings & 156 Reviews"
279,"Samsung Galaxy A71 (Prism Crush Blue, 128 GB)","₹33,990",4.4,"1,820 Ratings & 234 Reviews"
280,Samsung Guru FM Plus SM-B110E/D,"₹1,662",4.3,"49,371 Ratings & 5,265 Reviews"
281,"LG G8X (Black, 128 GB)","₹54,990",4.6,19 Ratings & 3 Reviews
282,"Motorola One Fusion+ (Moonlight White, 128 GB)","₹17,499",4.4,"21,401 Ratings & 2,943 Reviews"
283,"Realme X2 (Pearl Green, 64 GB)","₹17,999",4.5,"33,762 Ratings & 4,020 Reviews"
284,"Samsung Galaxy A31 (Prism Crush White, 128 GB)","₹20,999",4.3,"3,926 Ratings & 398 Reviews"
285,"Realme X2 (Pearl Blue, 256 GB)","₹22,999",4.5,"39,687 Ratings & 4,585 Reviews"
286,"OPPO A52 (Twilight Black, 128 GB)","₹16,990",4.3,"2,167 Ratings & 172 Reviews"
287,"Honor 9X (Midnight Black, 128 GB)","₹16,999",4.4,"1,581 Ratings & 145 Reviews"
288,Samsung Guru FM Plus,"₹1,660",4.2,"18,155 Ratings & 1,759 Reviews"
289,Micromax X756,"₹1,420",3.9,"1,552 Ratings & 174 Reviews"
290,"OPPO Reno3 Pro (Midnight Black, 256 GB)","₹29,990",4.4,"2,138 Ratings & 221 Reviews"
291,Kechaoda K66 Plus,₹940,4,"16,090 Ratings & 1,438 Reviews"
292,Karbonn K19 Rock,₹940,3.9,"1,355 Ratings & 143 Reviews"
293,"Redmi Note 9 Pro (Glacier White, 128 GB)","₹19,890",4.6,43 Ratings & 3 Reviews
294,Nokia 105,"₹1,295",4,"24,001 Ratings & 2,290 Reviews"
295,BlackZone ECO X,"₹1,230",4,"1,185 Ratings & 96 Reviews"
296,"Realme C15 (Power Blue, 64 GB)","₹10,999",,
297,"Realme C15 (Power Silver, 64 GB)","₹10,999",,
298,Lava A5,"₹1,199",4.1,"1,589 Ratings & 163 Reviews"
299,"OnePlus 8 (Onyx Black, 256 GB)","₹49,999",4.6,79 Ratings & 19 Reviews
300,Detel D1 Guru,₹675,3.6,"5,885 Ratings & 580 Reviews"
301,Karbonn K-Phone 1,"₹1,476",3.9,"2,606 Ratings & 345 Reviews"
302,Good One Magic,"₹1,499",3.9,530 Ratings & 49 Reviews
303,Lava A1 Josh,₹865,4.2,"10,214 Ratings & 1,150 Reviews"
304,Lava A1 Josh,₹865,4.2,"10,214 Ratings & 1,150 Reviews"
305,Itel It2171,₹945,4.1,"1,558 Ratings & 170 Reviews"
306,"TECNO SPARK 6 AIR (COMET BLACK, 32 GB)","₹8,880",,
307,"Tecno SPARK 6 AIR (OCEAN BLUE, 32 GB)","₹8,985",,
308,Blackbear B5 Bucket,₹699,3.7,423 Ratings & 41 Reviews
309,"Realme 6 Pro (Lightning Orange, 128 GB)","₹18,999",4.4,"41,390 Ratings & 4,525 Reviews"
310,"Apple iPhone XR (Yellow, 64 GB)","₹45,999",4.6,"16,282 Ratings & 1,384 Reviews"
311,"Samsung Galaxy M21 (Midnight Blue, 64 GB)","₹15,897",4.4,830 Ratings & 57 Reviews
312,Karbonn K Phone 1,"₹1,149",4.8,4 Ratings & 1 Reviews
313,"Samsung Galaxy A80 (Phantom Black, 128 GB)","₹32,949",4.4,"4,700 Ratings & 627 Reviews"
314,Lava A9,"₹1,519",4,231 Ratings & 33 Reviews
315,Lava A9,"₹1,574",4,231 Ratings & 33 Reviews
316,"Samsung Galaxy M11 (Metallic Blue, 32 GB)","₹11,388",4.2,"5,485 Ratings & 468 Reviews"
317,"Apple iPhone XR (Blue, 128 GB)","₹51,999",4.6,"16,282 Ratings & 1,384 Reviews"
318,"iQOO 3 (Tornado Black, 128 GB)","₹34,990",4.5,"7,031 Ratings & 1,261 Reviews"
319,"iQOO 3 (Quantum Silver, 128 GB)","₹34,990",4.5,"7,031 Ratings & 1,261 Reviews"
320,"OPPO A1K (Black, 32 GB)","₹7,990",4.3,"10,000 Ratings & 618 Reviews"
321,Nokia 110,"₹1,929",4,"3,413 Ratings & 247 Reviews"
322,I Kall K28,₹639,3.4,"2,226 Ratings & 227 Reviews"
323,"Apple iPhone 7 Plus (Gold, 128 GB)","₹45,380",4.5,"28,219 Ratings & 2,915 Reviews"
324,"OPPO A11K (Flowing Silver, 32 GB)","₹8,990",4.2,"2,920 Ratings & 234 Reviews"
325,I Kall K39,₹749,3.6,"2,101 Ratings & 243 Reviews"
326,"Tecno Spark 5 Pro (Seabed Blue, 64 GB)","₹11,490",,
327,"Tecno Camon 15 Pro (Ice Jadite, 128 GB)","₹16,250",4.1,331 Ratings & 41 Reviews
328,Karbonn Kx23,"₹1,290",3.7,138 Ratings & 10 Reviews
329,Kechaoda K66 Plus,₹949,4,"16,090 Ratings & 1,438 Reviews"
330,Kechaoda K115,₹915,4.1,"14,135 Ratings & 1,327 Reviews"
331,Kechaoda K115,₹920,4.1,"14,135 Ratings & 1,327 Reviews"
332,"Redmi K20 (Carbon Black, 64 GB)","₹21,999",4.5,"47,629 Ratings & 5,108 Reviews"
333,"Apple iPhone 11 (White, 128 GB)","₹73,600",4.7,"19,090 Ratings & 1,613 Reviews"
334,Micromax X749,"₹1,286",4.1,671 Ratings & 104 Reviews
335,"Samsung Galaxy M31 (Ocean Blue, 64 GB)","₹18,687",4.4,"1,280 Ratings & 125 Reviews"
336,"Apple iPhone 11 (Black, 64 GB)","₹68,300",4.7,"19,090 Ratings & 1,613 Reviews"
337,"Samsung M01 core (Red, 16 GB)","₹6,185",4.2,103 Ratings & 7 Reviews
338,Lava A9,"₹1,500",4,231 Ratings & 33 Reviews
339,"Redmi Note 8 (Cosmic Purple, 64 GB)","₹13,999",4.4,"18,013 Ratings & 1,310 Reviews"
340,"Samsung M01 core (Red, 32 GB)","₹7,490",3.6,199 Ratings & 23 Reviews
341,Snexian Rock,"₹1,269",3.9,"5,276 Ratings & 352 Reviews"
342,Snexian Rock,"₹1,285",3.9,"5,276 Ratings & 352 Reviews"
343,"Apple iPhone XR (Coral, 128 GB)","₹51,999",4.6,"16,282 Ratings & 1,384 Reviews"
344,"Redmi Note 8 (Neptune Blue, 64 GB)","₹13,999",4.4,"18,013 Ratings & 1,310 Reviews"
345,Kechaoda K116 Plus,₹910,4,"5,685 Ratings & 486 Reviews"
346,Samsung Guru 1200,"₹1,408",4.3,"1,28,530 Ratings & 12,181 Reviews"
347,Kechaoda K66 Plus,₹949,4,"16,090 Ratings & 1,438 Reviews"
348,Lava A9,"₹1,519",4,231 Ratings & 33 Reviews
349,"Apple iPhone SE (Black, 256 GB)","₹50,999",4.5,"19,738 Ratings & 1,928 Reviews"
350,"Apple iPhone SE (Red, 256 GB)","₹50,999",4.5,"19,738 Ratings & 1,928 Reviews"
351,Easyfone Grand,"₹2,999",3.6,103 Ratings & 17 Reviews
352,I Kall K-60,"₹1,999",3.9,120 Ratings & 14 Reviews
353,Forme Duos N1,₹777,3.7,53 Ratings & 4 Reviews
354,"Honor 9S (Black, 32 GB)","₹6,499",4.2,"4,488 Ratings & 495 Reviews"
355,"Samsung Galaxy A71 (Prism Crush Black, 128 GB)","₹33,990",4.4,"1,820 Ratings & 234 Reviews"
356,"Realme X3 SuperZoom (Glacier Blue, 256 GB)","₹32,999",4.2,790 Ratings & 108 Reviews
357,"Realme X3 SuperZoom (Arctic White, 256 GB)","₹32,999",4.2,790 Ratings & 108 Reviews
358,"Honor 9X (Midnight Black, 128 GB)","₹15,999",4.3,"16,707 Ratings & 1,735 Reviews"
359,"iQOO 3 (5G) (Tornado Black, 256 GB)","₹44,990",4.4,"1,190 Ratings & 202 Reviews"
360,"Realme X50 Pro 5G (Rust Red, 256 GB)","₹47,999",5,3 Ratings & 1 Reviews
361,Karbonn K140 Pop,₹820,3.9,"2,219 Ratings & 215 Reviews"
362,Blackbear B5 Bucket,₹699,3.7,423 Ratings & 41 Reviews
363,Lava 34 Plus,"₹1,619",4.1,439 Ratings & 45 Reviews
364,Kechaoda K112,"₹1,449",4,"5,483 Ratings & 686 Reviews"
365,"Vivo S1 (Skyline Blue, 128 GB)","₹19,990",4.4,"2,350 Ratings & 177 Reviews"
366,BlackZone ECO X,"₹1,230",4,"1,185 Ratings & 96 Reviews"
367,BlackZone ECO X,"₹1,230",4,"1,185 Ratings & 96 Reviews"
368,Lava A7,"₹1,499",4.2,"5,597 Ratings & 696 Reviews"
369,Kechaoda K33,₹910,4.1,"2,277 Ratings & 176 Reviews"
370,Micromax X748,"₹1,435",4.2,319 Ratings & 36 Reviews
371,Kechaoda K33,₹913,4.1,"2,277 Ratings & 176 Reviews"
372,Karbonn KX26,₹999,3.8,194 Ratings & 17 Reviews
373,Micromax X378,"₹1,299",3.9,"1,712 Ratings & 144 Reviews"
374,"Micromax Canvas Infinity (Black, 32 GB)","₹7,740",4.1,"14,729 Ratings & 2,104 Reviews"
375,Micromax X381,₹915,3.8,78 Ratings & 5 Reviews
376,Jmax J30,₹649,4,18 Ratings & 2 Reviews
377,Jmax J30,₹649,4,18 Ratings & 2 Reviews
378,I Kall K 30,₹649,3.8,154 Ratings & 15 Reviews
379,Lava A1 super,₹999,4,538 Ratings & 45 Reviews
380,"Samsung Galaxy A21s (Black, 64 GB)","₹16,499",4.2,"1,950 Ratings & 204 Reviews"
381,Karbonn K-Pebble,"₹1,490",3.9,855 Ratings & 100 Reviews
382,Micromax X388,"₹1,079",3.9,"1,048 Ratings & 113 Reviews"
383,"Samsung Galaxy S10 Lite (Prism Black, 128 GB)","₹42,999",4.5,"10,426 Ratings & 2,685 Reviews"
384,"Samsung Galaxy A21s (Black, 64 GB)","₹16,499",4.2,"1,950 Ratings & 204 Reviews"
385,Micromax X388,"₹1,079",3.9,"1,048 Ratings & 113 Reviews"
386,"Samsung Galaxy S10 Lite (Prism Black, 128 GB)","₹42,999",4.5,"10,426 Ratings & 2,685 Reviews"
387,Lava A1200,"₹1,449",4.2,749 Ratings & 95 Reviews
388,"Samsung Galaxy S10 Lite (Prism Blue, 128 GB)","₹42,999",4.5,"10,426 Ratings & 2,685 Reviews"
389,"Apple iPhone 11 (Black, 128 GB)","₹73,600",4.7,"19,090 Ratings & 1,613 Reviews"
390,Lava A1 super,₹999,4,538 Ratings & 45 Reviews
391,Lava A1200,"₹1,199",4.2,749 Ratings & 95 Reviews
392,Micromax X740,"₹1,460",3.8,"2,951 Ratings & 316 Reviews"
393,Micromax X756,"₹1,699",3.9,"1,552 Ratings & 174 Reviews"
394,"Apple iPhone SE (White, 256 GB)","₹50,999",4.5,"19,738 Ratings & 1,928 Reviews"
395,"Nokia 2.3 (Cyan Green, 32 GB)","₹8,775",4.1,799 Ratings & 103 Reviews
396,Kechaoda A26,₹923,4.1,"3,898 Ratings & 326 Reviews"
397,Samsung Guru GT,"₹1,410",4.1,"2,332 Ratings & 211 Reviews"
398,"Nokia 3.2 (Black, 32 GB)","₹11,160",4.1,"1,037 Ratings & 99 Reviews"
399,Kechaoda K-55 Plus,"₹1,040",4,"6,664 Ratings & 638 Reviews"
400,"OPPO Reno2 (Luminous Black, 256 GB)","₹38,990",4.5,"1,318 Ratings & 177 Reviews"
401,I Kall K34 New,₹639,3.6,"1,113 Ratings & 75 Reviews"
402,Kechaoda K33,₹935,4.1,"2,277 Ratings & 176 Reviews"
403,Kechaoda K116 Plus,₹898,4,"5,685 Ratings & 486 Reviews"
404,"Apple iPhone 11 (White, 64 GB)","₹68,300",4.7,"19,090 Ratings & 1,613 Reviews"
405,I Kall K112,₹699,3.6,276 Ratings & 34 Reviews
406,Kechaoda K66 Plus,₹899,4,"16,090 Ratings & 1,438 Reviews"
407,Snexian Rock,"₹1,285",3.9,"5,276 Ratings & 352 Reviews"
408,Kechaoda K66 Plus,₹898,4,"16,090 Ratings & 1,438 Reviews"
409,Karbonn KX5,"₹1,049",4.2,18 Ratings & 1 Reviews
410,Kechaoda K115,₹897,4.1,"14,135 Ratings & 1,327 Reviews"
411,Kechaoda K115,₹897,4.1,"14,135 Ratings & 1,327 Reviews"
412,Lava A5,"₹1,199",4.1,"1,589 Ratings & 163 Reviews"
413,I Kall k16 new mobile,₹639,3.6,"11,647 Ratings & 1,121 Reviews"
414,"Samsung M01 core (Black, 16 GB)","₹6,154",4.2,103 Ratings & 7 Reviews
415,Good One Magic,"₹1,399",3.9,530 Ratings & 49 Reviews
416,Good One Magic,"₹1,399",3.9,530 Ratings & 49 Reviews
417,"Samsung Galaxy M01 (Red, 32 GB)","₹9,099",4.2,"6,455 Ratings & 477 Reviews"
418,Kechaoda K28,"₹1,199",4,806 Ratings & 77 Reviews
419,Jmax M32,₹649,4.2,9 Ratings & 0 Reviews
420,Kechaoda K28,"₹1,199",4,806 Ratings & 77 Reviews
421,Jmax M32,₹649,4.2,9 Ratings & 0 Reviews
422,"Realme X3 SuperZoom (Arctic White, 128 GB)","₹27,999",4.3,"1,204 Ratings & 156 Reviews"
423,"Nokia 3.2 (Black, 32 GB)","₹10,449",4.1,"1,037 Ratings & 99 Reviews"
424,"Redmi K20 Pro (Pearl White, 128 GB)","₹22,999",4.5,"67,545 Ratings & 8,345 Reviews"
425,Kechaoda A26,₹945,4.1,"3,898 Ratings & 326 Reviews"
426,Karbonn KX23,"₹1,290",3.9,918 Ratings & 75 Reviews
427,Itel It 2190,"₹1,053",4.1,"1,010 Ratings & 101 Reviews"
428,"Apple iPhone 11 (Purple, 64 GB)","₹68,300",4.7,"19,090 Ratings & 1,613 Reviews"
429,"Redmi K20 Pro (Flame Red, 256 GB)","₹29,999",4.5,"13,820 Ratings & 1,906 Reviews"
430,I Kall k111 new,₹699,3.5,592 Ratings & 60 Reviews
431,Samsung Guru FM Plus,"₹1,662",4.2,"18,155 Ratings & 1,759 Reviews"
432,Kechaoda K10,₹870,4,"5,854 Ratings & 468 Reviews"
433,Samsung Guru FM Plus,"₹1,659",4.2,"18,155 Ratings & 1,759 Reviews"
434,"Honor 9X (Sapphire Blue, 128 GB)","₹15,999",4.3,"16,707 Ratings & 1,735 Reviews"
435,Kechaoda K10,₹879,4,"5,854 Ratings & 468 Reviews"
436,"Honor 9X (Sapphire Blue, 128 GB)","₹16,999",4.4,"1,581 Ratings & 145 Reviews"
437,Micromax X750,"₹1,259",4.1,394 Ratings & 56 Reviews
438,"Realme X3 SuperZoom (Glacier Blue, 128 GB)","₹27,999",4.3,"1,204 Ratings & 156 Reviews"
439,BlackZone ECO X,"₹1,230",3.9,260 Ratings & 27 Reviews
440,"Samsung Galaxy M21 (Raven Black, 128 GB)","₹17,944",4.4,257 Ratings & 18 Reviews
441,Gfive Guru,₹799,3.7,"10,167 Ratings & 1,502 Reviews"
442,"Mi 10 (Coral Green, 256 GB)","₹54,999",4.4,70 Ratings & 8 Reviews
443,"Redmi Y2 (Dark Grey, 64 GB)","₹12,990",4.4,"26,225 Ratings & 1,875 Reviews"
444,"Honor 9S (Blue, 32 GB)","₹6,499",4.2,"4,488 Ratings & 495 Reviews"
445,Kechaoda K33,₹970,4.1,"2,277 Ratings & 176 Reviews"
446,"Samsung Galaxy M01s (Grey, 32 GB)","₹10,998",,
447,Nokia 3310 DS,"₹4,289",3.8,"26,014 Ratings & 2,965 Reviews"
448,I Kall K34 New,₹639,3.6,"1,113 Ratings & 75 Reviews"
449,Itel Power 400,"₹1,280",4.1,"1,363 Ratings & 152 Reviews"
450,Itel IT5025,"₹1,149",4,341 Ratings & 29 Reviews
451,"Apple iPhone 11 (Red, 128 GB)","₹73,600",4.7,"19,090 Ratings & 1,613 Reviews"
452,"Apple iPhone XR (Yellow, 128 GB)","₹51,999",4.6,"16,282 Ratings & 1,384 Reviews"
453,Karbonn K9 SPY,"₹1,390",3.9,"1,210 Ratings & 126 Reviews"
454,I Kall K3312,"₹1,199",3.5,"8,832 Ratings & 912 Reviews"
455,Micromax X381,₹915,3.8,78 Ratings & 5 Reviews
456,"Panasonic ELUGA I6 (Black, 16 GB)","₹6,199",3.8,"6,113 Ratings & 636 Reviews"
457,Nokia 105,"₹1,417",4.2,"21,937 Ratings & 2,010 Reviews"
458,"Realme XT (Pearl Blue, 64 GB)","₹16,999",4.5,"1,06,563 Ratings & 12,186 Reviews"
459,"Samsung Galaxy Note10 Lite (Aura Glow, 128 GB)","₹39,999",4.4,714 Ratings & 154 Reviews
460,Karbonn K-Stylo,"₹1,499",3.9,"3,223 Ratings & 291 Reviews"
461,"OnePlus 7T Pro (Haze Blue, 256 GB)","₹46,340",4.5,642 Ratings & 43 Reviews
462,Nokia 106,"₹1,349",4.2,"12,120 Ratings & 915 Reviews"
463,I Kall K3312,₹749,3.5,"8,832 Ratings & 912 Reviews"
464,I Kall K22 New,₹649,3.5,"3,067 Ratings & 360 Reviews"
465,Jivi Banana 6,"₹1,099",3.9,"1,394 Ratings & 128 Reviews"
466,Kechaoda K10,₹840,4,"5,854 Ratings & 468 Reviews"
467,Kechaoda K10,₹869,4,"5,854 Ratings & 468 Reviews"
468,"Redmi K20 Pro (Carbon Black, 256 GB)","₹29,999",4.5,"13,820 Ratings & 1,906 Reviews"
469,Good One Magic,"₹1,499",3.9,530 Ratings & 49 Reviews
470,Good One Magic,"₹1,399",3.9,530 Ratings & 49 Reviews
471,Gfive Guru,₹799,3.7,"10,167 Ratings & 1,502 Reviews"
472,"Redmi Note 5 Pro (Gold, 64 GB)","₹12,999",4.5,"11,62,406 Ratings & 1,23,831 Reviews"
473,"Mi A3 (Kind of Grey, 128 GB)","₹17,499",4.2,"12,954 Ratings & 1,161 Reviews"
474,Kechaoda K66 Plus,₹930,4,"16,090 Ratings & 1,438 Reviews"
475,"Samsung Galaxy Note10 Lite (Aura Black, 128 GB)","₹39,999",4.4,714 Ratings & 154 Reviews
476,Kechaoda K60,"₹1,540",4,725 Ratings & 73 Reviews
477,"Apple iPhone 11 (Green, 64 GB)","₹68,300",4.7,"19,090 Ratings & 1,613 Reviews"
478,"LG W10 Alpha (Black, 32 GB)","₹7,999",3.8,33 Ratings & 4 Reviews
479,I Kall K6610,₹639,3.6,"1,633 Ratings & 151 Reviews"
480,"Apple iPhone 11 (Green, 64 GB)","₹68,300",4.7,"19,090 Ratings & 1,613 Reviews"
481,I Kall K6610,₹639,3.6,"1,633 Ratings & 151 Reviews"
482,"LG W10 Alpha (Black, 32 GB)","₹7,999",3.8,33 Ratings & 4 Reviews
483,"OnePlus 7T Pro (Haze Blue, 256 GB)","₹47,085",4.5,642 Ratings & 43 Reviews
484,"Gionee S11 Lite (Dark Blue, 32 GB)","₹9,540",4,"5,591 Ratings & 553 Reviews"
485,"Samsung Galaxy S10 Lite (Prism Black, 512 GB)","₹47,999",4.5,"10,426 Ratings & 2,685 Reviews"
486,"OPPO Reno3 Pro (Midnight Black, 128 GB)","₹27,990",4.4,"2,138 Ratings & 221 Reviews"
487,Kechaoda A26,₹930,4.1,"3,898 Ratings & 326 Reviews"
488,Kechaoda A26,₹889,4.1,"3,898 Ratings & 326 Reviews"
489,Micromax X1i-2017,"₹1,140",3.7,"1,236 Ratings & 168 Reviews"
490,I Kall K3312 Combo,"₹1,199",3.6,"1,200 Ratings & 102 Reviews"
491,"OPPO A5 2020 (Dazzling White, 64 GB)","₹12,999",4.4,"2,370 Ratings & 200 Reviews"
492,"OPPO A5 2020 (Mirror Black, 64 GB)","₹13,990",4.4,"2,370 Ratings & 200 Reviews"
493,"Samsung M01 core (Black, 32 GB)","₹7,115",3.6,199 Ratings & 23 Reviews
494,"Lenovo K10 Note (Black, 64 GB)","₹13,999",4.1,"10,355 Ratings & 1,532 Reviews"
495,"Redmi Note 8 Pro (Halo White, 128 GB)","₹18,999",4.4,"8,659 Ratings & 764 Reviews"
496,Nokia 3310 DS,"₹3,779",3.8,"26,014 Ratings & 2,965 Reviews"
497,"Vivo S1 (Diamond Black, 128 GB)","₹16,990",4.5,"10,131 Ratings & 748 Reviews"
498,"Vivo Y93 (Nebula Purple, 32 GB)","₹12,990",4.4,"3,339 Ratings & 285 Reviews"
499,Kechaoda K60,"₹1,540",4,725 Ratings & 73 Reviews
500,"Vivo V17 (Midnight Ocean Black, 128 GB)","₹24,990",4.5,"7,482 Ratings & 687 Reviews"
501,Kechaoda K33,₹920,4.1,"2,277 Ratings & 176 Reviews"
502,ITEL magic 1 max,"₹1,637",3.9,622 Ratings & 69 Reviews
503,BlackZone M4,₹792,4,106 Ratings & 11 Reviews
504,"OPPO A5 2020 (Dazzling White, 64 GB)","₹14,950",4.4,"5,988 Ratings & 431 Reviews"
505,"Nokia 2.3 (Sand, 32 GB)","₹8,999",4.1,799 Ratings & 103 Reviews
506,Kechaoda K9,"₹1,240",4.1,614 Ratings & 73 Reviews
507,Kechaoda K9,"₹1,299",4.1,614 Ratings & 73 Reviews
508,Kechaoda A27,₹897,4,"1,721 Ratings & 159 Reviews"
509,"Vivo X50 (Glaze Black, 128 GB)","₹34,990",4.4,293 Ratings & 34 Reviews
510,"Vivo X50 (Frost Blue, 128 GB)","₹34,990",4.4,293 Ratings & 34 Reviews
511,"OPPO Reno3 Pro (Auroral Blue, 256 GB)","₹29,990",4.4,"2,138 Ratings & 221 Reviews"
512,Karbonn K-Phone 7,₹953,3.8,522 Ratings & 57 Reviews
513,Lava A7 Wave,"₹1,599",4.2,128 Ratings & 8 Reviews
514,"OPPO Reno3 Pro (Auroral Blue, 128 GB)","₹27,990",4.4,"2,138 Ratings & 221 Reviews"
515,Blackbear B5 Tork Combo of Two Mobiles,"₹1,599",,
516,Zen Z8 DJ,"₹1,459",3.8,165 Ratings & 20 Reviews
517,Tork T3,₹999,3.2,41 Ratings & 5 Reviews
518,Tork T3,₹999,3.2,41 Ratings & 5 Reviews
519,Tork T3,₹999,3.2,41 Ratings & 5 Reviews
520,"Coolpad Mega 5C (Gold, 16 GB)","₹5,490",3.5,137 Ratings & 7 Reviews
521,"OPPO F11 (Fluorite Purple, 128 GB)","₹17,990",4.4,"3,895 Ratings & 340 Reviews"
522,Micromax X512,"₹1,199",3.9,"4,039 Ratings & 391 Reviews"
523,Micromax X516,"₹1,288",3.9,"3,713 Ratings & 400 Reviews"
524,Itel Magic 1,"₹1,499",4.2,405 Ratings & 46 Reviews
525,"OPPO K1 (Piano Black, 64 GB)","₹14,990",4.4,"73,732 Ratings & 7,651 Reviews"
526,Kechaoda K116 Plus,₹898,4,"5,685 Ratings & 486 Reviews"
527,"OPPO Reno3 Pro (Sky White, 128 GB)","₹27,990",4.4,"2,138 Ratings & 221 Reviews"
528,MTR Ferrari,"₹1,240",4.1,"2,126 Ratings & 161 Reviews"
529,MTR Ferrari,"₹1,240",4.1,"2,126 Ratings & 161 Reviews"
530,MTR Ferrari,"₹1,240",4.1,"2,126 Ratings & 161 Reviews"
531,MTR Ferrari,"₹1,240",4.1,"2,126 Ratings & 161 Reviews"
532,Tork T13 Banana,₹849,4,128 Ratings & 10 Reviews
533,"Vivo S1 (Skyline Blue, 64 GB)","₹18,990",4.4,"2,350 Ratings & 177 Reviews"
534,"Redmi Y2 (Black, 32 GB)","₹10,285",4.5,"1,17,529 Ratings & 7,985 Reviews"
535,I Kall K6610,₹639,3.6,"1,633 Ratings & 151 Reviews"
536,Lava Gem Wave,"₹1,599",4.2,507 Ratings & 60 Reviews
537,"Apple iPhone 11 (Red, 64 GB)","₹68,300",4.7,"19,090 Ratings & 1,613 Reviews"
538,"OPPO F11 (Marble Green, 128 GB)","₹17,990",4.4,"3,895 Ratings & 340 Reviews"
539,Samsung Guru 1200,"₹1,100",4.3,"1,28,530 Ratings & 12,181 Reviews"
540,Lava A1200,"₹1,449",4.2,749 Ratings & 95 Reviews
541,"Redmi Note 6 Pro (Blue, 64 GB)","₹13,838",4.5,"6,16,245 Ratings & 53,633 Reviews"
542,"Redmi Note 7 Pro (Neptune Blue, 128 GB)","₹16,975",4.4,"3,01,854 Ratings & 25,348 Reviews"
543,"Samsung Galaxy A50 (Blue, 64 GB)","₹15,499",4.3,"64,694 Ratings & 6,015 Reviews"
544,Kechaoda K-55 Plus,"₹1,045",4,"6,664 Ratings & 638 Reviews"
545,Kechaoda K-55 Plus,"₹1,045",4,"6,664 Ratings & 638 Reviews"
546,Kechaoda K-55 Plus,"₹1,099",4,"6,664 Ratings & 638 Reviews"
547,I Kall K 15,₹599,3.5,182 Ratings & 21 Reviews
548,"Vivo V17 (Glacier ice white, 128 GB)","₹24,990",4.5,"7,482 Ratings & 687 Reviews"
549,"Samsung Galaxy Note 20 Ultra 5G (Mystic Bronze, 256 GB)","₹1,04,999",,
550,Zen Z8 DJ,"₹1,453",3.9,96 Ratings & 18 Reviews
551,"Samsung Galaxy S9 (Midnight Black, 64 GB)","₹24,999",4.4,"28,362 Ratings & 2,357 Reviews"
552,"LG Q60 (Blue, 64 GB)","₹13,289",4.1,27 Ratings & 1 Reviews
553,I Kall K44 NEW,₹639,3.7,951 Ratings & 99 Reviews
554,"Voto V2i (Black, 32 GB)","₹5,399",3.5,622 Ratings & 97 Reviews
555,"Huawei Y9 Prime 2019 (Sapphire Blue, 128 GB)","₹16,899",4.3,825 Ratings & 90 Reviews
556,"Voto V2i (Champagne Gold, 32 GB)","₹5,700",3.5,622 Ratings & 97 Reviews
557,"Vivo S1 (Diamond Black, 128 GB)","₹19,990",4.4,"2,350 Ratings & 177 Reviews"
558,"Gionee S11 Lite (Black, 32 GB)","₹8,990",4,"5,591 Ratings & 553 Reviews"
559,Karbonn KX23,"₹1,129",3.7,138 Ratings & 10 Reviews
560,Tork X9,"₹1,198",3.6,54 Ratings & 6 Reviews
561,Salora Volt 2,₹799,3.9,863 Ratings & 105 Reviews
562,Kechaoda K6,₹980,3.9,794 Ratings & 91 Reviews
563,JIVI T201,"₹1,249",3.5,88 Ratings & 9 Reviews
564,Karbonn K-Phone 1,"₹1,490",3.9,562 Ratings & 51 Reviews
565,"Motorola Edge+ (Smoky Sangria, 256 GB)","₹74,999",4.1,154 Ratings & 38 Reviews
566,"OPPO R17 Pro (Emerald Green, 128 GB)","₹31,590",4.1,538 Ratings & 76 Reviews
567,Kechaoda A27,₹915,4,"1,721 Ratings & 159 Reviews"
568,I Kall K44 new mobile,₹649,3.7,685 Ratings & 45 Reviews
569,"Panasonic P101 (Blue, 16 GB)","₹5,900",4,"8,380 Ratings & 922 Reviews"
570,InFocus VIBE 2,₹985,4.3,23 Ratings & 6 Reviews
571,InFocus Selfie C1,₹840,3.9,"2,313 Ratings & 314 Reviews"
572,Kechaoda K115,₹920,4.1,"14,135 Ratings & 1,327 Reviews"
573,"Redmi Y2 (Gold, 64 GB)","₹13,390",4.4,"26,225 Ratings & 1,875 Reviews"
574,JIVI X57i Selfie,₹899,3.8,144 Ratings & 17 Reviews
575,Detel D1 Champ,₹675,3.7,"1,223 Ratings & 135 Reviews"
576,Tork T13 Banana,₹809,4,128 Ratings & 10 Reviews
577,itel it5607,"₹1,199",4,224 Ratings & 22 Reviews
578,Micromax X1i-Pop,₹949,4,157 Ratings & 17 Reviews
579,BlackZone M4,₹792,4,106 Ratings & 11 Reviews
580,"Apple iPhone 8 Plus (Gold, 64 GB)","₹49,900",4.6,"3,365 Ratings & 353 Reviews"
581,Jmax J32,₹649,3,5 Ratings & 0 Reviews
582,Micromax X516,"₹1,279",3.9,"3,713 Ratings & 400 Reviews"
583,"Samsung Galaxy A70s (Prism Crush Red, 128 GB)","₹23,975",4.2,"1,104 Ratings & 144 Reviews"
584,I Kall K11,₹619,3.4,"6,265 Ratings & 1,138 Reviews"
585,Itel it5260,"₹1,548",3.5,14 Ratings & 1 Reviews
586,"OPPO Reno2 F (Sky White, 128 GB)","₹24,990",4.4,"3,494 Ratings & 310 Reviews"
587,"Vivo V17Pro (Midnight Ocean Black, 128 GB)","₹29,499",4.5,"7,049 Ratings & 597 Reviews"
588,I Kall K 60,"₹1,899",3.9,154 Ratings & 19 Reviews
589,I Kall K 54,₹639,3.4,270 Ratings & 30 Reviews
590,Easyfone Royale,"₹3,399",4.1,534 Ratings & 72 Reviews
591,"Redmi Note 7 (Onyx Black, 32 GB)","₹11,999",4.4,"1,30,741 Ratings & 14,212 Reviews"
592,"Gome U7 (Blue, 128 GB)","₹9,998",3.3,21 Ratings & 6 Reviews
593,Easyfone Amico,"₹2,599",3.9,40 Ratings & 6 Reviews
594,Karbonn K7 Power,"₹1,099",3.7,"1,289 Ratings & 158 Reviews"
595,Micromax X421,"₹1,199",3.9,359 Ratings & 35 Reviews
596,Micromax X421,₹933,3.9,359 Ratings & 35 Reviews
597,"Samsung Galaxy M30S (Blue, 128 GB)","₹17,986",4.3,"3,471 Ratings & 304 Reviews"
598,GIVA G1 BLACK & GREEN,₹559,3.5,237 Ratings & 17 Reviews
599,Micromax X940,"₹1,799",3.8,624 Ratings & 69 Reviews
600,Karbonn K7 Power,"₹1,099",3.7,"1,289 Ratings & 158 Reviews"
601,Micromax X421,"₹1,199",3.9,359 Ratings & 35 Reviews
602,GIVA G1 BLACK & GREEN,₹559,3.5,237 Ratings & 17 Reviews
603,"Samsung Galaxy M30S (Blue, 128 GB)","₹17,986",4.3,"3,471 Ratings & 304 Reviews"
604,Micromax X421,₹933,3.9,359 Ratings & 35 Reviews
605,Easyfone Amico,"₹2,599",3.9,40 Ratings & 6 Reviews
606,"Gome U7 (Blue, 128 GB)","₹9,998",3.3,21 Ratings & 6 Reviews
607,Micromax X940,"₹1,799",3.8,624 Ratings & 69 Reviews
608,Karbonn K24 Plus,₹985,3.9,162 Ratings & 18 Reviews
609,BlackZone M4,₹792,4,106 Ratings & 11 Reviews
610,Snexian FIRE,"₹1,499",3.2,32 Ratings & 5 Reviews
611,"OPPO A5s (Black, 32 GB)","₹9,490",4.3,"4,235 Ratings & 337 Reviews"
612,"Nokia 3.2 (Steel, 32 GB)","₹10,826",4.1,"1,037 Ratings & 99 Reviews"
613,"Google Pixel 3a (Clearly White, 64 GB)","₹30,999",4.5,"5,980 Ratings & 936 Reviews"
614,Jmax M32,₹649,4.2,9 Ratings & 0 Reviews
615,"Alcatel 1 (Metallic Black, 8 GB)","₹4,999",3.3,40 Ratings & 3 Reviews
616,"Alcatel 1 (Metallic Blue, 8 GB)","₹4,999",3.3,40 Ratings & 3 Reviews
617,"Redmi Note 7 Pro (Nebula Red, 128 GB)","₹17,999",4.4,"3,01,854 Ratings & 25,348 Reviews"
618,Karbonn K-Phone 1,"₹1,449",3.9,"2,606 Ratings & 345 Reviews"
619,I Kall K 38 Plus,₹999,3.4,128 Ratings & 9 Reviews
620,Itel It 2190,₹999,4.1,"1,010 Ratings & 101 Reviews"
621,Karbonn KX27,"₹1,149",3.8,40 Ratings & 3 Reviews
622,"OPPO A3s (Purple, 32 GB)","₹8,990",4.3,"25,618 Ratings & 1,993 Reviews"
623,Easyfone Udaan,"₹2,100",4,173 Ratings & 25 Reviews
624,Tork T27 Power,"₹1,149",3.7,115 Ratings & 10 Reviews
625,Jmax M40 Combo of Two,"₹1,299",3.5,48 Ratings & 2 Reviews
626,Easyfone Star,"₹3,999",4,179 Ratings & 47 Reviews
627,Easyfone Star,"₹3,999",4,179 Ratings & 47 Reviews
628,"Redmi Y2 (Blue, 32 GB)","₹10,290",4.5,"1,17,529 Ratings & 7,985 Reviews"
629,Lava Prime X,"₹1,599",4.1,513 Ratings & 80 Reviews
630,Jivi N300 New,₹999,3.9,27 Ratings & 2 Reviews
631,Jivi N300 New,₹989,3.9,27 Ratings & 2 Reviews
632,"Redmi Note 6 Pro (Blue, 64 GB)","₹15,989",4.5,"1,23,696 Ratings & 10,853 Reviews"
633,Karbonn K59 STAR,"₹1,175",,
634,"Samsung Galaxy Note 20 Ultra 5G (Mystic Black, 256 GB)","₹1,04,999",,
635,Lava Hero 600,₹799,3.9,454 Ratings & 51 Reviews
636,Samsung Guru Music 2,"₹1,600",4.3,"1,44,745 Ratings & 14,608 Reviews"
637,"Samsung Galaxy S10 Lite (Prism Blue, 512 GB)","₹47,999",4.5,"10,426 Ratings & 2,685 Reviews"
638,"Vivo X21 (Black, 128 GB)","₹36,990",4.2,"1,905 Ratings & 294 Reviews"
639,Jivi R21Plus,₹825,4.1,16 Ratings & 2 Reviews
640,"OPPO Find X (Bordeaux Red, 256 GB)","₹60,990",4.6,436 Ratings & 82 Reviews
641,"Redmi Note 5 Pro (Gold, 64 GB)","₹13,999",4.5,"2,55,526 Ratings & 25,347 Reviews"
642,Karbonn KX23,"₹1,298",3.9,918 Ratings & 75 Reviews
643,Jivi Banana 6,"₹1,084",3.6,44 Ratings & 3 Reviews
644,"Samsung Galaxy S8 Plus (Midnight Black, 64 GB)","₹53,990",4.6,"1,999 Ratings & 341 Reviews"
645,"XOLO ERA 3X (Posh Black, 16 GB)","₹8,499",3.9,"6,338 Ratings & 1,253 Reviews"
646,Kechaoda A27,₹955,4,"1,721 Ratings & 159 Reviews"
647,"Lenovo X2-AP (Gold, 32 GB)","₹17,499",3.7,"3,597 Ratings & 905 Reviews"
648,Mymax A12,₹599,3.9,234 Ratings & 18 Reviews
649,Karbonn KX28,"₹1,275",,
650,Blackbear B5 Grip,₹799,3.5,477 Ratings & 41 Reviews
651,Karbonn K9,"₹1,440",4,"4,544 Ratings & 440 Reviews"
652,"Gionee A1 (Grey, 64 GB)","₹21,499",4,"5,794 Ratings & 1,028 Reviews"
653,"Samsung Galaxy Note 20 (Mystic Bronze, 256 GB)","₹77,999",,
654,Nokia 150/150 DS,"₹1,500",4.2,"33,249 Ratings & 3,257 Reviews"
655,"Samsung Galaxy A70s (Prism Crush Red, 128 GB)","₹26,990",4.3,869 Ratings & 102 Reviews
656,"Apple iPhone 8 Plus (Silver, 64 GB)","₹49,900",4.6,"3,365 Ratings & 353 Reviews"
657,"Google Pixel 3a (Just Black, 64 GB)","₹30,999",4.5,"5,980 Ratings & 936 Reviews"
658,Tork X4,"₹1,109",,
659,Kechaoda A18,₹999,3.1,13 Ratings & 0 Reviews
660,"Lava Z61 (Gold, 16 GB)","₹5,299",4.2,431 Ratings & 56 Reviews
661,Karbonn KX19,₹999,,
662,Karbonn K24 Plus Pro,"₹1,298",3.8,"1,559 Ratings & 132 Reviews"
663,"Mobiistar E1 Selfie (Black, 32 GB)","₹8,490",3.8,506 Ratings & 58 Reviews
664,I Kall K3310,₹639,3.6,"53,773 Ratings & 6,841 Reviews"
665,I Kall K3310,₹599,3.6,"53,773 Ratings & 6,841 Reviews"
666,I Kall K3310,₹639,3.6,"53,773 Ratings & 6,841 Reviews"
667,GAMMA K1 Nano,₹890,3.5,22 Ratings & 2 Reviews
668,"Honor 9N (Sapphire Blue, 64 GB)","₹15,999",4.3,"2,25,328 Ratings & 21,365 Reviews"
669,Easyfone Star,"₹3,999",4,179 Ratings & 47 Reviews
670,"Vivo V11 (Starry Night Black, 64 GB)","₹24,990",4.5,"17,776 Ratings & 1,748 Reviews"
671,"Coolpad Mega 5M (Gold, 16 GB)","₹4,649",3.6,885 Ratings & 73 Reviews
672,Kechaoda K123,"₹1,899",4.2,49 Ratings & 7 Reviews
673,InFocus POWER 2,"₹1,370",3.6,72 Ratings & 9 Reviews
674,"Samsung Galaxy A50s (Prism Crush White, 128 GB)","₹18,570",4.3,"7,502 Ratings & 786 Reviews"
675,Itel Magic 1,"₹1,425",4.2,405 Ratings & 46 Reviews
676,Kechaoda A32,₹930,3.5,33 Ratings & 5 Reviews
677,"Apple iPhone 11 Pro (Gold, 64 GB)","₹1,06,600",4.7,"1,569 Ratings & 143 Reviews"
678,"Vivo V5 Plus (Gold, 64 GB)","₹25,990",4.3,"4,514 Ratings & 848 Reviews"
679,Blackbear A1 Mini,"₹1,290",3.6,128 Ratings & 13 Reviews
680,"Vivo V9 (Pearl Black (Golden Line), 64 GB)","₹23,990",4.5,"89,949 Ratings & 9,669 Reviews"
681,"Moto X Play(With Turbo Charger) (White, 16 GB)","₹17,499",4.2,"61,333 Ratings & 9,482 Reviews"
682,"OPPO F11 Pro (Thunder Black, 64 GB)","₹20,990",4.4,"1,20,151 Ratings & 11,569 Reviews"
683,"Samsung Galaxy A50 (Blue, 64 GB)","₹18,999",4.4,"10,885 Ratings & 962 Reviews"
684,"MI3 (Metallic Grey, 16 GB)","₹13,999",4.4,"15,044 Ratings & 5,141 Reviews"
685,"Samsung Galaxy A70s (Prism Crush Black, 128 GB)","₹26,999",4.2,"1,104 Ratings & 144 Reviews"
686,"Samsung Galaxy S20 Ultra (Cosmic Black, 128 GB)","₹97,999",4.2,72 Ratings & 18 Reviews
687,"Samsung Galaxy S10 (Prism White, 512 GB)","₹63,400",4.6,"1,659 Ratings & 174 Reviews"
688,Salora Volt 2,₹799,3.9,863 Ratings & 105 Reviews
689,"OnePlus 7 Pro (Nebula Blue, 256 GB)","₹45,499",4.5,"1,187 Ratings & 119 Reviews"
690,"POCO F1 (Steel Blue, 128 GB)","₹18,999",4.5,"2,40,449 Ratings & 29,910 Reviews"
691,"Realme 3 Pro (Lightning Purple, 128 GB)","₹16,999",4.5,"1,25,757 Ratings & 14,484 Reviews"
692,"OPPO Reno (JET BLACK, 128 GB)","₹29,950",,
693,"Micromax Canvas 2 2018 (Jet Black, 16 GB)","₹7,975",3.9,79 Ratings & 12 Reviews
694,Ssky S9007 Rainbow,"₹1,125",3.5,415 Ratings & 51 Reviews
695,Karbonn KX19,₹999,,
696,"Apple iPhone 8 (PRODUCT)RED (Red, 256 GB)","₹55,999",4.7,112 Ratings & 10 Reviews
697,Karbonn KX19,₹999,,
698,"Samsung Galaxy A50 (White, 64 GB)","₹18,999",4.4,"10,885 Ratings & 962 Reviews"
699,Karbonn KX26,"₹1,099",3.8,194 Ratings & 17 Reviews
700,"Realme 2 Pro (Black Sea, 128 GB)","₹15,490",4.5,"37,429 Ratings & 4,730 Reviews"
701,"OnePlus 6T (Speed Orange, 256 GB)","₹39,999",4.4,25 Ratings & 0 Reviews
702,Nokia 105 Dual Sim 2017,"₹1,149",4.2,"40,538 Ratings & 4,304 Reviews"
703,Snexian FIRE,"₹1,499",3.2,32 Ratings & 5 Reviews
704,Snexian FIRE,"₹1,499",3.2,32 Ratings & 5 Reviews
705,Jivi X570 Plus,₹949,4.1,17 Ratings & 2 Reviews
706,"OPPO F5 (Red, 64 GB)","₹18,999",4.4,"1,714 Ratings & 249 Reviews"
707,"OPPO A9 (Fluorite Purple, 128 GB)","₹16,490",4.4,"1,208 Ratings & 71 Reviews"
708,"Tecno Camon i4 (Midnight Black, 64 GB)","₹12,899",4.3,143 Ratings & 16 Reviews
709,Blackbear i7 Trio Combo of Three Mobiles,"₹4,599",,
710,Lava A5,"₹1,399",4.1,"1,589 Ratings & 163 Reviews"
711,"Coolpad Mega 5M (Blue, 16 GB)","₹4,590",3.6,885 Ratings & 73 Reviews
712,Micromax X419,₹999,3.4,16 Ratings & 3 Reviews
713,"Yu Yunique 2 Plus (Champagne, 16 GB)","₹6,799",3.7,"6,901 Ratings & 899 Reviews"
714,"Coolpad Cool 3 (Midnight Blue, 64 GB)","₹8,999",3.6,547 Ratings & 42 Reviews
715,mPhone 380,"₹1,150",3.5,13 Ratings & 4 Reviews
716,Karbonn K3 Boom Max,"₹1,249",3.7,69 Ratings & 10 Reviews
717,"OPPO A5 2020 (Mirror Black, 64 GB)","₹14,889",4.4,"5,988 Ratings & 431 Reviews"
718,Jivi N444,"₹1,199",2.9,8 Ratings & 0 Reviews
719,Easyfone Star,"₹3,999",4,179 Ratings & 47 Reviews
720,Kechaoda K2,₹900,3.9,135 Ratings & 16 Reviews
721,"OPPO F9 Pro (Twilight Blue, 64 GB)","₹18,990",4.5,"29,199 Ratings & 3,030 Reviews"
722,"Samsung Galaxy A50 (Blue, 64 GB)","₹18,999",4.4,"10,885 Ratings & 962 Reviews"
723,Ssky Stone,₹949,3,6 Ratings & 0 Reviews
724,Lava A7,"₹1,568",4.2,"5,597 Ratings & 696 Reviews"
725,"Gionee Marathon M5 Plus (Champagne Gold, 64 GB)","₹26,999",4.1,217 Ratings & 27 Reviews
726,Kechaoda K111,₹949,4.1,104 Ratings & 9 Reviews
727,"Honor 9N (Midnight Black, 64 GB)","₹15,999",4.3,"2,25,328 Ratings & 21,365 Reviews"
728,Micromax X412,₹999,3.9,"6,808 Ratings & 593 Reviews"
729,"Panasonic Eluga I7 (Black, 16 GB)","₹6,499",3.8,49 Ratings & 8 Reviews
730,I Kall K3310 Combo Of Two Mobile,"₹1,099",3.7,"8,258 Ratings & 839 Reviews"
731,"Samsung Galaxy S20 (Cloud Blue, 128 GB)","₹70,499",4.4,174 Ratings & 38 Reviews
732,Gfive U229,₹799,3.7,"2,326 Ratings & 317 Reviews"
733,"Alcatel 5V (Spectrum Black, 32 GB)","₹12,999",4.4,141 Ratings & 31 Reviews
734,I Kall K31 New Combo of Two Mobiles,₹999,3.2,328 Ratings & 33 Reviews
735,mPhone 280,"₹1,150",,
736,mPhone 280,"₹1,150",,
737,"Honor 10 Lite (Midnight Black, 32 GB)","₹13,999",4.4,"27,447 Ratings & 2,816 Reviews"
738,"Samsung Galaxy A21s (White, 64 GB)","₹16,499",4.2,"1,950 Ratings & 204 Reviews"
739,MTR MT 310,₹629,4,93 Ratings & 12 Reviews
740,I Kall K-52,₹639,3.5,52 Ratings & 1 Reviews
741,"OPPO A9 (Marble Green, 128 GB)","₹16,490",4.4,"1,208 Ratings & 71 Reviews"
742,"Moto X (2nd Generation) (Black, 32 GB)","₹24,999",4.2,"6,152 Ratings & 1,195 Reviews"
743,"Moto X (2nd Generation) (Black Leather, 16 GB)","₹23,999",4.2,"6,152 Ratings & 1,195 Reviews"
744,Easyfone Star,"₹3,999",4,179 Ratings & 47 Reviews
745,ROKEA R111,"₹1,099",3.4,18 Ratings & 6 Reviews
746,"Samsung Galaxy S20+ (Cosmic Black, 128 GB)","₹77,999",4.6,198 Ratings & 59 Reviews
747,"Gionee F103 Pro (White, 16 GB)","₹8,600",3.9,"2,799 Ratings & 617 Reviews"
748,Lava 34 Super,"₹1,699",4.1,877 Ratings & 99 Reviews
749,Micromax X1i-2017,"₹1,140",3.8,"1,068 Ratings & 130 Reviews"
750,"Gome U7 (Black, 128 GB)","₹9,988",3.3,21 Ratings & 6 Reviews
751,I Kall K31 Pack of Three Mobiles,"₹1,497",3.2,26 Ratings & 2 Reviews
752,Itel It2171,"₹1,052",4.1,"1,558 Ratings & 170 Reviews"
753,"Realme C2 (Diamond Blue, 16 GB)","₹6,499",4.4,"8,47,793 Ratings & 68,787 Reviews"
754,Tork T13 Banana,₹849,4,128 Ratings & 10 Reviews
755,"OPPO R17 (Ambient Blue, 128 GB)","₹22,999",,
756,"OPPO R17 (Neon Purple, 128 GB)","₹22,999",,
757,"Samsung Galaxy Note 10 (Aura Black, 256 GB)","₹75,000",4.5,257 Ratings & 36 Reviews
758,Kechaoda K-9,"₹1,248",3.9,570 Ratings & 80 Reviews
759,Grabo G310 Vibration,₹599,3.5,268 Ratings & 22 Reviews
760,"Tecno Spark 5 (ICE JADEITE, 32 MB)","₹9,499",4.3,14 Ratings & 1 Reviews
761,"Honor 9N (Midnight Black, 128 GB)","₹19,999",4.3,"2,25,328 Ratings & 21,365 Reviews"
762,"Micromax Canvas 2 Colors A120 (Grey, 4 GB)","₹9,005",3.9,"4,899 Ratings & 747 Reviews"
763,I Kall K14 New Combo of Three Mobiles,"₹1,399",3.5,558 Ratings & 54 Reviews
764,"Samsung Galaxy S3 Neo (Marble White, 16 GB)","₹22,140",4.2,"13,239 Ratings & 1,416 Reviews"
765,Karbonn Jumbo K9,"₹1,270",4,"6,742 Ratings & 814 Reviews"
766,"Redmi Y3 (Elegant Blue, 32 GB)","₹11,999",4.3,"19,343 Ratings & 1,509 Reviews"
767,"Apple iPhone 11 Pro (Space Grey, 64 GB)","₹1,06,600",4.7,"1,569 Ratings & 143 Reviews"
768,Micromax X772,"₹1,343",3.9,"2,256 Ratings & 227 Reviews"
769,"Ismart Is-58I (Black, 16 GB)","₹4,969",2.5,87 Ratings & 6 Reviews
770,Kechaoda A18,₹980,3.1,13 Ratings & 0 Reviews
771,"Honor 9i (Aurora Blue, 64 GB)","₹19,999",4.3,"69,879 Ratings & 10,414 Reviews"
772,Lava A5,"₹1,399",4.1,"1,589 Ratings & 163 Reviews"
773,Jmax M43 Combo of two,"₹1,299",4,59 Ratings & 3 Reviews
774,nuvo One Echo,₹599,3.3,3 Ratings & 0 Reviews
775,I Kall K39 Mobile,₹749,3.5,"1,047 Ratings & 108 Reviews"
776,"Tecno Camon 15 Pro (Ice Jadite, 128 GB)","₹15,999",4.1,331 Ratings & 41 Reviews
777,"Samsung Galaxy J2 Core (Gold, 16 GB)","₹7,990",4.2,"9,354 Ratings & 758 Reviews"
778,MTR Shakti,₹649,3.9,59 Ratings & 6 Reviews
779,"Vivo S1 (Diamond Black, 64 GB)","₹19,990",4.4,"2,350 Ratings & 177 Reviews"
780,I Kall K31 New Combo of Three Mobiles,"₹1,497",2.8,18 Ratings & 1 Reviews
781,"Samsung Galaxy M11 (Black, 32 GB)","₹11,442",4.2,"5,485 Ratings & 468 Reviews"
782,I Kall K3312,₹749,3.5,"8,832 Ratings & 912 Reviews"
783,"Ismart Ultra (Gold, 16 GB)","₹4,969",2.5,101 Ratings & 14 Reviews
784,"Honor 9N (Sapphire Blue, 128 GB)","₹19,999",4.3,"2,25,328 Ratings & 21,365 Reviews"
785,"Lenovo S930 (Silver, 8 GB)","₹13,604",4.3,104 Ratings & 35 Reviews
786,"XOLO Omega 5.0 (Black, 8 GB)","₹8,990",3.8,561 Ratings & 81 Reviews
787,Ziox X43,₹748,4.5,4 Ratings & 0 Reviews
788,Kechaoda K77,"₹1,199",3.7,51 Ratings & 8 Reviews
789,"Apple iPhone 11 Pro Max (Silver, 64 GB)","₹1,17,100",4.7,"1,007 Ratings & 106 Reviews"
790,MTR Mt312,₹629,3.6,530 Ratings & 40 Reviews
791,"Samsung Galaxy M11 (Violet, 32 GB)","₹11,338",4.2,"5,485 Ratings & 468 Reviews"
792,MTR MT310,₹699,3.8,360 Ratings & 38 Reviews
793,Kechaoda K116,"₹1,400",3.9,"2,384 Ratings & 245 Reviews"
794,"Tecno Camon i4 (Nebula Black, 32 GB)","₹7,599",4.1,158 Ratings & 14 Reviews
795,Itel it5260,"₹1,239",4.1,103 Ratings & 14 Reviews
796,Salora Coral,₹949,3.7,66 Ratings & 13 Reviews
797,Intex ULTRA G3+,"₹1,425",4.1,31 Ratings & 3 Reviews
798,Karbonn KX1,₹871,3.9,799 Ratings & 71 Reviews
799,Karbonn KX1,₹849,3.9,799 Ratings & 71 Reviews
800,Muphone M350,₹999,4.2,13 Ratings & 1 Reviews
801,Karbonn KX1,₹899,3.9,799 Ratings & 71 Reviews
802,Karbonn KX3,₹875,3.9,"1,030 Ratings & 82 Reviews"
803,"Micromax Canvas 2 Colors A120 (White, 2.5 GB)","₹11,999",3.9,"4,899 Ratings & 747 Reviews"
804,"Redmi Y3 (Prime Black, 32 GB)","₹11,999",4.3,"19,343 Ratings & 1,509 Reviews"
805,"Tecno Camon I Click 2 (Midnight Black, 64 GB)","₹13,500",4.2,610 Ratings & 62 Reviews
806,Mafe X1,₹796,3.8,20 Ratings & 4 Reviews
807,"Samsung Galaxy A50s (Prism Crush Violet, 128 GB)","₹26,900",4.3,"7,965 Ratings & 915 Reviews"
808,"Moto One (White, 64 GB)","₹14,999",4.1,435 Ratings & 57 Reviews
809,ITEL ACE,₹829,4.6,9 Ratings & 0 Reviews
810,Gfive Guru,₹799,3.7,"10,167 Ratings & 1,502 Reviews"
811,Karbonn KX3,₹848,3.9,31 Ratings & 1 Reviews
812,"Samsung Galaxy S9 (Midnight Black, 256 GB)","₹65,900",4.4,"28,362 Ratings & 2,357 Reviews"
813,Micromax X725,"₹1,399",3.8,"1,209 Ratings & 126 Reviews"
814,Micromax X742,"₹1,248",3.8,"5,132 Ratings & 513 Reviews"
815,ZIOX X47,₹850,,
816,"OPPO Reno4 Pro Special Edition (Starry Night, 128 GB)","₹34,990",4.2,137 Ratings & 28 Reviews
817,"Apple iPhone 8 Plus (Space Grey, 256 GB)","₹84,900",4.6,"3,365 Ratings & 353 Reviews"
818,I Kall K130 New Combo of Two Mobile,"₹1,199",3.4,124 Ratings & 5 Reviews
819,Detel D1 Vibe,₹770,,
820,Tork X5,"₹1,099",3.6,11 Ratings & 0 Reviews
821,"Vivo Y12 (Aqua Blue, 32 GB)","₹12,499",4.3,"1,361 Ratings & 96 Reviews"
822,nuvo NF-18,"₹1,099",3.9,12 Ratings & 1 Reviews
823,Itel it5260,"₹1,249",4.1,103 Ratings & 14 Reviews
824,"Redmi Note 7 Pro (Space Black, 128 GB)","₹16,899",4.4,"3,01,854 Ratings & 25,348 Reviews"
825,InFocus Hero Selfie C1,₹950,3.9,578 Ratings & 99 Reviews
826,Tork T19 Shine,"₹1,349",3.5,80 Ratings & 7 Reviews
827,"Mi A3 (More Than White, 128 GB)","₹17,499",4.2,"12,954 Ratings & 1,161 Reviews"
828,InFocus VIBE 2,"₹1,125",4.3,23 Ratings & 6 Reviews
829,"Vivo V7+ (Gold, 64 GB)","₹22,221",4.4,"17,429 Ratings & 2,705 Reviews"
830,JIVI 12M,₹739,3.6,720 Ratings & 120 Reviews
831,Karbonn K-Stylo,"₹1,515",3.9,"3,223 Ratings & 291 Reviews"
832,"Redmi 8A Dual (Sea Blue, 32 GB)","₹8,999",4.2,"3,105 Ratings & 235 Reviews"
833,"Vivo X50 (Frost Blue, 256 GB)","₹37,990",4.4,293 Ratings & 34 Reviews
834,"Honor 6 Plus (Black, 32 GB)","₹26,499",3.9,737 Ratings & 169 Reviews
835,MTR Mt310,₹629,3.8,360 Ratings & 38 Reviews
836,"Redmi Note 9 (Arctic White, 128 GB)","₹15,472",4.4,"1,216 Ratings & 90 Reviews"
837,KXD M6,₹799,,
838,Samsung Metro 313,"₹2,499",4.1,"1,539 Ratings & 150 Reviews"
839,Karbonn KX1,₹899,3.9,799 Ratings & 71 Reviews
840,Karbonn KX1,₹899,3.9,799 Ratings & 71 Reviews
841,"Micromax Canvas 2 Colors A120 (White, 2.5 GB)","₹11,999",3.9,"4,899 Ratings & 747 Reviews"
842,"Redmi Y3 (Prime Black, 32 GB)","₹11,999",4.3,"19,343 Ratings & 1,509 Reviews"
843,"Tecno Camon I Click 2 (Midnight Black, 64 GB)","₹13,500",4.2,610 Ratings & 62 Reviews
844,Mafe X1,₹796,3.8,20 Ratings & 4 Reviews
845,"Samsung Galaxy A50s (Prism Crush Violet, 128 GB)","₹26,900",4.3,"7,965 Ratings & 915 Reviews"
846,"Moto One (White, 64 GB)","₹14,999",4.1,435 Ratings & 57 Reviews
847,ITEL ACE,₹829,4.6,9 Ratings & 0 Reviews
848,Gfive Guru,₹799,3.7,"10,167 Ratings & 1,502 Reviews"
849,Karbonn KX3,₹848,3.9,31 Ratings & 1 Reviews
850,"Samsung Galaxy S9 (Midnight Black, 256 GB)","₹65,900",4.4,"28,362 Ratings & 2,357 Reviews"
851,InFocus VIBE 2,"₹1,125",4.3,23 Ratings & 6 Reviews
852,Micromax X725,"₹1,399",3.8,"1,209 Ratings & 126 Reviews"
853,Micromax X742,"₹1,248",3.8,"5,132 Ratings & 513 Reviews"
854,ZIOX X47,₹850,,
855,"Apple iPhone 8 Plus (Space Grey, 256 GB)","₹84,900",4.6,"3,365 Ratings & 353 Reviews"
856,Detel D1 Vibe,₹770,,
857,"OPPO Reno4 Pro Special Edition (Starry Night, 128 GB)","₹34,990",4.2,137 Ratings & 28 Reviews
858,I Kall K130 New Combo of Two Mobile,"₹1,199",3.4,124 Ratings & 5 Reviews
859,Tork X5,"₹1,099",3.6,11 Ratings & 0 Reviews
860,nuvo NF-18,"₹1,099",3.9,12 Ratings & 1 Reviews
861,Itel it5260,"₹1,249",4.1,103 Ratings & 14 Reviews
862,"Redmi Note 7 Pro (Space Black, 128 GB)","₹16,899",4.4,"3,01,854 Ratings & 25,348 Reviews"
863,Tork T19 Shine,"₹1,349",3.5,80 Ratings & 7 Reviews
864,InFocus Hero Selfie C1,₹950,3.9,578 Ratings & 99 Reviews
865,"Mi A3 (More Than White, 128 GB)","₹17,499",4.2,"12,954 Ratings & 1,161 Reviews"
866,"Vivo V7+ (Gold, 64 GB)","₹22,221",4.4,"17,429 Ratings & 2,705 Reviews"
867,JIVI 12M,₹739,3.6,720 Ratings & 120 Reviews
868,Karbonn K-Stylo,"₹1,515",3.9,"3,223 Ratings & 291 Reviews"
869,"Vivo X50 (Frost Blue, 256 GB)","₹37,990",4.4,293 Ratings & 34 Reviews
870,"Honor 6 Plus (Black, 32 GB)","₹26,499",3.9,737 Ratings & 169 Reviews
871,MTR Mt310,₹629,3.8,360 Ratings & 38 Reviews
872,"Redmi Note 9 (Arctic White, 128 GB)","₹15,472",4.4,"1,216 Ratings & 90 Reviews"
873,KXD M6,₹799,,
874,Samsung Metro 313,"₹2,499",4.1,"1,539 Ratings & 150 Reviews"
875,Karbonn KX1,₹899,3.9,799 Ratings & 71 Reviews
876,MU M370,₹980,4.3,318 Ratings & 17 Reviews
877,"Moto One (Black, 64 GB)","₹14,999",4.1,435 Ratings & 57 Reviews
878,"Honor 20 (Sapphire Blue, 128 GB)","₹22,999",4.4,"2,209 Ratings & 338 Reviews"
879,"Redmi Note 6 Pro (Rose Gold, 64 GB)","₹17,499",4.5,"1,23,696 Ratings & 10,853 Reviews"
880,GreenBerry GB 310,₹599,3.2,476 Ratings & 47 Reviews
881,Kechaoda K103,"₹1,199",4,103 Ratings & 8 Reviews
882,Intex Eco 105vx,₹980,,
883,Intex Eco 105vx,₹925,,
884,Karbonn KX28,"₹1,236",,
885,"Samsung Galaxy S20+ (Cloud Blue, 128 GB)","₹77,000",4.6,198 Ratings & 59 Reviews
886,nuvo One-Echo (Without Accessories),₹599,3.7,"1,033 Ratings & 155 Reviews"
887,"Zen Admire Shine (Champagne, 8 GB)","₹4,250",3.6,683 Ratings & 104 Reviews
888,Itel IT 2163,₹899,4,"1,545 Ratings & 156 Reviews"
889,"OPPO Reno 10x Zoom (Ocean Green, 128 GB)","₹38,499",4.5,"7,606 Ratings & 1,361 Reviews"
890,KXD M8,₹799,,
891,I Kall K3310,₹649,3.6,"53,773 Ratings & 6,841 Reviews"
892,I Kall K3310,₹649,3.6,"53,773 Ratings & 6,841 Reviews"
893,"Karbonn Titanium S4 (Black, 4 GB)","₹13,298",3.4,28 Ratings & 7 Reviews
894,"Karbonn Titanium S4 (White, 4 GB)","₹14,990",3.4,28 Ratings & 7 Reviews
895,Inovu A7i,₹599,3.4,144 Ratings & 20 Reviews
896,ITEL IT5025,"₹1,273",4,341 Ratings & 29 Reviews
897,ziox Starz Mini,₹660,3.5,34 Ratings & 6 Reviews
898,Intex Eco 210x,₹945,4,23 Ratings & 3 Reviews
899,"Samsung M01 core (Blue, 32 GB)","₹7,078",3.6,199 Ratings & 23 Reviews
900,"Samsung Galaxy J2 Core (Black, 16 GB)","₹7,900",4.2,"9,354 Ratings & 758 Reviews"
901,"Vivo Y90 (Gold, 16 GB)","₹7,990",4.3,"3,001 Ratings & 214 Reviews"
902,Tork T27 Boom,"₹1,299",4.3,6 Ratings & 0 Reviews
903,Itel Magic 1 Max,"₹1,620",3.9,622 Ratings & 69 Reviews
904,"XOLO T1000 (Black, 4 GB)","₹14,153",3.8,329 Ratings & 130 Reviews
905,I Kall K 64,₹629,3.5,332 Ratings & 16 Reviews
906,I Kall K 64,₹629,3.5,332 Ratings & 16 Reviews
907,"Honor 9x Pro (Phantom Purple, 256 GB)","₹17,999",3.9,"3,221 Ratings & 922 Reviews"
908,Kechaoda K2,₹900,3.9,135 Ratings & 16 Reviews
909,"Honor 9x Pro (Midnight Black, 256 GB)","₹17,999",3.9,"3,221 Ratings & 922 Reviews"
910,MTR Shakti,₹999,3.9,59 Ratings & 6 Reviews
911,Itel it 5092,"₹1,558",4.3,11 Ratings & 1 Reviews
912,KXD M7,₹799,,
913,"Honor 8X (Blue, 64 GB)","₹19,999",4.4,"7,629 Ratings & 742 Reviews"
914,Forme N9,₹699,,
915,Kechaoda K116,"₹1,400",3.9,"9,763 Ratings & 1,214 Reviews"
916,"Honor Play (Midnight Black, 64 GB)","₹25,999",4.5,"2,992 Ratings & 386 Reviews"
917,"Zoom Me M3 (Purple, 32 GB)","₹7,999",,
918,"Vivo Y91 (Nebula Purple, 32 GB)","₹8,389",4.4,"15,007 Ratings & 1,105 Reviews"
919,GreenBerry Champ,₹599,3.2,540 Ratings & 69 Reviews
920,Lava Spark i8,"₹1,799",4.1,"6,215 Ratings & 729 Reviews"
921,InFocus Hero Power B1,"₹1,629",4,788 Ratings & 107 Reviews
922,Karbonn K2 Boom Box,₹842,3.9,"6,489 Ratings & 745 Reviews"
923,"OPPO Reno2 Z (Sky White, 256 GB)","₹27,090",4.5,"4,640 Ratings & 523 Reviews"
924,Samsung Guru Plus B110,"₹1,699",4.2,359 Ratings & 40 Reviews
925,"Redmi Note 9 Pro Max (Interstellar Black, 128 GB)","₹22,999",4.7,64 Ratings & 7 Reviews
926,Karbonn k24+,"₹1,199",3.8,300 Ratings & 29 Reviews
927,Samsung Sm-B110E/D,"₹1,699",4.1,196 Ratings & 16 Reviews
928,Nokia 130,"₹1,610",4.2,"16,088 Ratings & 1,816 Reviews"
929,"Samsung Galaxy M40 (Midnight Blue, 128 GB)","₹16,830",4.2,778 Ratings & 55 Reviews
930,Muphone M350,₹999,4.2,13 Ratings & 1 Reviews
931,"Zoom Me M2 (Black, 16 GB)","₹5,200",4.3,3 Ratings & 0 Reviews
932,"Vivo Y17 (Mystic Purple, 128 GB)","₹13,900",4.4,"11,984 Ratings & 932 Reviews"
933,I Kall K3312 Combo,"₹1,199",3.6,"1,200 Ratings & 102 Reviews"
934,I Kall K71 Combo of Two Mobile,₹799,3.2,"4,133 Ratings & 465 Reviews"
935,Kechaoda K66 The Music House 4,"₹1,599",4,"5,978 Ratings & 581 Reviews"
936,I Kall K11,₹639,3.4,"6,265 Ratings & 1,138 Reviews"
937,Peace P4,₹650,3.5,"2,804 Ratings & 411 Reviews"
938,GreenBerry 3310,₹699,3.1,748 Ratings & 76 Reviews
939,GreenBerry 3310,₹699,3.1,748 Ratings & 76 Reviews
940,"Zoom Me M2 (Blue, 16 GB)","₹5,200",4.3,3 Ratings & 0 Reviews
941,Trio T4 Flash,₹691,3.5,"2,142 Ratings & 299 Reviews"
942,Lava A5,"₹1,399",4.1,"1,589 Ratings & 163 Reviews"
943,MTR Rowdy,"₹1,599",,
944,I Kall K 54,₹639,3.4,270 Ratings & 30 Reviews
945,Itel Magic 1 Max,"₹1,649",3.9,622 Ratings & 69 Reviews
946,"M-tech OPAL SMART (Pink, 4 GB)","₹2,890",4.1,30 Ratings & 6 Reviews
947,"Nokia 7.2 (Charcoal, 64 GB)","₹17,999",4.2,"4,120 Ratings & 625 Reviews"
948,InFocus Selfie C1,₹899,3.9,"2,313 Ratings & 314 Reviews"
949,"Ismart BOLD (Gold, 16 GB)","₹4,969",2.2,31 Ratings & 5 Reviews
950,MTR Shakti,₹649,3.9,59 Ratings & 6 Reviews
951,nuvo FLASH,₹899,3.6,133 Ratings & 15 Reviews
952,"Panasonic Eluga I8 (Charcoal Black, 32 GB)","₹8,385",3.8,732 Ratings & 84 Reviews
953,GreenBerry Titan,₹599,2.9,498 Ratings & 53 Reviews
954,"Tashan TS-455 (Blue, 4 GB)","₹4,839",2.5,25 Ratings & 3 Reviews
955,"Tashan TS-455 (Black, 4 GB)","₹4,609",2.5,25 Ratings & 3 Reviews
956,Intex Eco 110,₹945,4.2,91 Ratings & 5 Reviews
957,MTR MT Bullet,"₹1,599",4.4,7 Ratings & 0 Reviews
958,Snexian Guru 1,₹699,3.4,446 Ratings & 48 Reviews
959,"Tashan TS-851 (Rose Gold, 4 GB)","₹4,609",2.9,324 Ratings & 31 Reviews
960,MTR MT Bullet,"₹1,599",4.4,7 Ratings & 0 Reviews
961,Intex Eco 110,₹945,4.2,91 Ratings & 5 Reviews
962,"Tashan TS-455 (Blue, 4 GB)","₹4,839",2.5,25 Ratings & 3 Reviews
963,"Tashan TS-455 (Black, 4 GB)","₹4,609",2.5,25 Ratings & 3 Reviews
964,Lemon 212,₹999,3.9,23 Ratings & 4 Reviews
965,"Tashan TS-851 (Rose Gold, 4 GB)","₹4,609",2.9,324 Ratings & 31 Reviews
966,MTR Beat,"₹1,599",4.6,5 Ratings & 0 Reviews
967,MTR Hero,"₹1,099",,
968,Samsung Metro 313,"₹2,499",4.1,476 Ratings & 60 Reviews
969,"Samsung Galaxy S8 Plus (Coral Blue, 64 GB)","₹53,990",4.6,"1,999 Ratings & 341 Reviews"
970,Tork X9,"₹1,198",3.6,54 Ratings & 6 Reviews
971,MTR Mt313,₹849,3.8,52 Ratings & 9 Reviews
972,"I Kall K9 (Blue, 16 GB)","₹4,999",3.5,"5,995 Ratings & 558 Reviews"
973,MU M370,₹980,4.3,318 Ratings & 17 Reviews
974,Kechaoda A31,"₹1,169",3.4,54 Ratings & 8 Reviews
975,"Meizu C9 (Gold, 16 GB)","₹5,999",4.1,"1,693 Ratings & 227 Reviews"
976,"Redmi Note 5 Pro (Black, 64 GB)","₹13,999",4.5,"2,55,526 Ratings & 25,347 Reviews"
977,JIVI JV 12Mi,₹849,4.4,14 Ratings & 1 Reviews
978,I Kall K28 New,₹499,3.1,"3,521 Ratings & 347 Reviews"
979,Itel Muzik 400,"₹1,563",4.1,752 Ratings & 101 Reviews
980,Heemax H9,₹699,4,5 Ratings & 1 Reviews
981,Heemax H9,₹699,4,5 Ratings & 1 Reviews
982,"I Kall K110 (Blue, 16 GB)","₹4,499",3.4,967 Ratings & 86 Reviews
983,"Realme 6 Pro (Lightning Red, 64 GB)","₹17,999",4.4,"41,390 Ratings & 4,525 Reviews"
